DateTime,Temperature,Dew Point,Relative Humidity,datetime,T_out_C,T_in_C,mode,Q_hvac_W,E_heat_kWh,E_heat_kWh_cum
2026-01-21 16:15:00,52,38.84,61,2026-01-21 16:15:00,11.11111111111111,21.11111111111111,OFF,0.0,0.0,0.0
2026-01-21 16:30:00,48,38.21,69,2026-01-21 16:30:00,8.88888888888889,21.09611111111111,OFF,0.0,0.0,0.0
2026-01-21 16:46:00,44,37.17,77,2026-01-21 16:46:00,6.666666666666667,21.064556944444444,OFF,0.0,0.0,0.0
2026-01-21 17:00:00,41,35.24,80,2026-01-21 17:00:00,5.0,21.01657276736111,OFF,0.0,0.0,0.0
2026-01-21 17:15:00,40,35.49,84,2026-01-21 17:15:00,4.444444444444445,20.956448471605903,OFF,0.0,0.0,0.0
2026-01-21 17:30:00,39,35.11,86,2026-01-21 17:30:00,3.888888888888889,20.892608441402192,OFF,0.0,0.0,0.0
2026-01-21 17:46:00,38,34.43,87,2026-01-21 17:46:00,3.3333333333333335,20.825080544758343,OFF,0.0,0.0,0.0
2026-01-21 18:00:00,37,33.73,88,2026-01-21 18:00:00,2.7777777777777777,20.753892440672654,OFF,0.0,0.0,0.0
2026-01-21 18:15:00,36,32.74,88,2026-01-21 18:15:00,2.2222222222222223,20.679071580700942,OFF,0.0,0.0,0.0
2026-01-21 18:31:00,36,33.03,89,2026-01-21 18:31:00,2.2222222222222223,20.60064521051235,OFF,0.0,0.0,0.0
2026-01-21 18:45:00,35,32.05,89,2026-01-21 18:45:00,1.6666666666666667,20.522807038100176,HEAT,12000.0,1.0,1.0
2026-01-21 19:01:00,35,32.05,89,2026-01-21 19:01:00,1.6666666666666667,20.801385985314425,OFF,0.0,0.0,1.0
2026-01-21 19:15:00,34,31.06,89,2026-01-21 19:15:00,1.1111111111111112,20.717875590424566,OFF,0.0,0.0,1.0
2026-01-21 19:30:00,34,31.06,89,2026-01-21 19:30:00,1.1111111111111112,20.630824856829715,OFF,0.0,0.0,1.0
2026-01-21 19:45:00,33,30.07,89,2026-01-21 19:45:00,0.5555555555555556,20.544427003736825,HEAT,12000.0,1.0,2.0
2026-01-21 20:01:00,33,30.07,89,2026-01-21 20:01:00,0.5555555555555556,20.814510467875465,OFF,0.0,0.0,2.0
2026-01-21 20:15:00,33,30.07,89,2026-01-21 20:15:00,0.5555555555555556,20.722568306033065,OFF,0.0,0.0,2.0
2026-01-21 20:30:00,33,29.79,88,2026-01-21 20:30:00,0.5555555555555556,20.631315710404483,OFF,0.0,0.0,2.0
2026-01-21 20:45:00,32,28.8,88,2026-01-21 20:45:00,0.0,20.540747509243115,HEAT,12000.0,1.0,3.0
2026-01-21 21:01:00,32,28.8,88,2026-01-21 21:01:00,0.0,20.80669190292379,OFF,0.0,0.0,3.0
2026-01-21 21:15:00,32,28.8,88,2026-01-21 21:15:00,0.0,20.710641713651864,OFF,0.0,0.0,3.0
2026-01-21 21:30:00,31,27.82,88,2026-01-21 21:30:00,-0.5555555555555556,20.615311900799476,OFF,0.0,0.0,3.0
2026-01-21 21:45:00,31,27.82,88,2026-01-21 21:45:00,-0.5555555555555556,20.516530394876813,HEAT,12000.0,1.0,4.0
2026-01-21 22:00:00,31,27.82,88,2026-01-21 22:00:00,-0.5555555555555556,20.77848975024857,OFF,0.0,0.0,4.0
2026-01-21 22:15:00,31,27.25,86,2026-01-21 22:15:00,-0.5555555555555556,20.67848441045504,OFF,0.0,0.0,4.0
2026-01-21 22:31:00,31,27.54,87,2026-01-21 22:31:00,-0.5555555555555556,20.579229110709964,OFF,0.0,0.0,4.0
2026-01-21 22:45:00,31,27.54,87,2026-01-21 22:45:00,-0.5555555555555556,20.480718225712973,HEAT,12000.0,1.0,5.0
2026-01-21 23:01:00,31,27.82,88,2026-01-21 23:01:00,-0.5555555555555556,20.74294617235346,OFF,0.0,0.0,5.0
2026-01-21 23:16:00,30,26.28,86,2026-01-21 23:16:00,-1.1111111111111112,20.64320740939414,OFF,0.0,0.0,5.0
2026-01-21 23:31:00,31,26.96,85,2026-01-21 23:31:00,-0.5555555555555556,20.54005002049035,HEAT,12000.0,1.0,6.0
2026-01-21 23:45:00,31,27.25,86,2026-01-21 23:45:00,-0.5555555555555556,20.801832978670006,OFF,0.0,0.0,6.0
2026-01-22 00:00:00,31,26.96,85,2026-01-22 00:00:00,-0.5555555555555556,20.701652564663316,OFF,0.0,0.0,6.0
2026-01-22 00:16:00,31,27.25,86,2026-01-22 00:16:00,-0.5555555555555556,20.602223503761675,OFF,0.0,0.0,6.0
2026-01-22 00:30:00,31,27.25,86,2026-01-22 00:30:00,-0.5555555555555556,20.503540160816794,HEAT,12000.0,1.0,7.0
2026-01-22 00:45:00,31,26.67,84,2026-01-22 00:45:00,-0.5555555555555556,20.765596942944,OFF,0.0,0.0,7.0
2026-01-22 01:00:00,31,26.96,85,2026-01-22 01:00:00,-0.5555555555555556,20.665688299205254,OFF,0.0,0.0,7.0
2026-01-22 01:16:00,31,27.25,86,2026-01-22 01:16:00,-0.5555555555555556,20.56652897029455,OFF,0.0,0.0,7.0
2026-01-22 01:31:00,31,26.96,85,2026-01-22 01:31:00,-0.5555555555555556,20.468113336350672,HEAT,12000.0,1.0,8.0
2026-01-22 01:46:00,31,26.96,85,2026-01-22 01:46:00,-0.5555555555555556,20.730435819661377,OFF,0.0,0.0,8.0
2026-01-22 02:01:00,31,26.96,85,2026-01-22 02:01:00,-0.5555555555555556,20.63079088434725,OFF,0.0,0.0,8.0
2026-01-22 02:15:00,30,25.7,84,2026-01-22 02:15:00,-1.1111111111111112,20.53189328604798,HEAT,12000.0,1.0,9.0
2026-01-22 02:31:00,30,25.7,84,2026-01-22 02:31:00,-1.1111111111111112,20.789570753069285,OFF,0.0,0.0,9.0
2026-01-22 02:45:00,30,25.7,84,2026-01-22 02:45:00,-1.1111111111111112,20.685315639087932,OFF,0.0,0.0,9.0
2026-01-22 03:01:00,30,25.7,84,2026-01-22 03:01:00,-1.1111111111111112,20.58184243846144,OFF,0.0,0.0,9.0
2026-01-22 03:15:00,30,25.99,85,2026-01-22 03:15:00,-1.1111111111111112,20.479145286839646,HEAT,12000.0,1.0,10.0
2026-01-22 03:31:00,30,25.7,84,2026-01-22 03:31:00,-1.1111111111111112,20.737218363855014,OFF,0.0,0.0,10.0
2026-01-22 03:45:00,30,25.7,84,2026-01-22 03:45:00,-1.1111111111111112,20.633355892792768,OFF,0.0,0.0,10.0
2026-01-22 04:00:00,29,25.0,85,2026-01-22 04:00:00,-1.6666666666666667,20.530272390263487,HEAT,12000.0,1.0,11.0
2026-01-22 04:15:00,29,25.0,85,2026-01-22 04:15:00,-1.6666666666666667,20.78379534733651,OFF,0.0,0.0,11.0
2026-01-22 04:31:00,29,24.42,83,2026-01-22 04:31:00,-1.6666666666666667,20.675416882231488,OFF,0.0,0.0,11.0
2026-01-22 04:45:00,29,24.42,83,2026-01-22 04:45:00,-1.6666666666666667,20.56785125561475,OFF,0.0,0.0,11.0
2026-01-22 05:01:00,29,24.42,83,2026-01-22 05:01:00,-1.6666666666666667,20.46109237119764,HEAT,12000.0,1.0,12.0
2026-01-22 05:15:00,29,24.42,83,2026-01-22 05:15:00,-1.6666666666666667,20.71513417841366,OFF,0.0,0.0,12.0
2026-01-22 05:30:00,29,24.13,82,2026-01-22 05:30:00,-1.6666666666666667,20.607270672075558,OFF,0.0,0.0,12.0
2026-01-22 05:45:00,29,24.13,82,2026-01-22 05:45:00,-1.6666666666666667,20.50021614203499,HEAT,12000.0,1.0,13.0
2026-01-22 06:00:00,29,24.42,83,2026-01-22 06:00:00,-1.6666666666666667,20.753964520969728,OFF,0.0,0.0,13.0
2026-01-22 06:15:00,29,24.71,84,2026-01-22 06:15:00,-1.6666666666666667,20.645809787062454,OFF,0.0,0.0,13.0
2026-01-22 06:30:00,29,24.71,84,2026-01-22 06:30:00,-1.6666666666666667,20.538466213659486,HEAT,12000.0,1.0,14.0
2026-01-22 06:45:00,29,24.71,84,2026-01-22 06:45:00,-1.6666666666666667,20.79192771705704,OFF,0.0,0.0,14.0
2026-01-22 07:01:00,29,24.71,84,2026-01-22 07:01:00,-1.6666666666666667,20.68348825917911,OFF,0.0,0.0,14.0
2026-01-22 07:15:00,28,23.74,84,2026-01-22 07:15:00,-2.2222222222222223,20.575862097235266,OFF,0.0,0.0,14.0
2026-01-22 07:30:00,29,24.42,83,2026-01-22 07:30:00,-1.6666666666666667,20.464876464839335,HEAT,12000.0,1.0,15.0
2026-01-22 07:45:00,29,24.13,82,2026-01-22 07:45:00,-1.6666666666666667,20.71888989135304,OFF,0.0,0.0,15.0
2026-01-22 08:00:00,29,24.13,82,2026-01-22 08:00:00,-1.6666666666666667,20.610998217167893,OFF,0.0,0.0,15.0
2026-01-22 08:16:00,29,24.13,82,2026-01-22 08:16:00,-1.6666666666666667,20.503915730539134,HEAT,12000.0,1.0,16.0
2026-01-22 08:31:00,30,25.11,82,2026-01-22 08:31:00,-1.1111111111111112,20.757636362560092,OFF,0.0,0.0,16.0
2026-01-22 08:45:00,30,25.11,82,2026-01-22 08:45:00,-1.1111111111111112,20.653620756507557,OFF,0.0,0.0,16.0
2026-01-22 09:00:00,31,26.08,82,2026-01-22 09:00:00,-0.5555555555555556,20.550385267500417,HEAT,12000.0,1.0,17.0
2026-01-22 09:16:00,31,26.08,82,2026-01-22 09:16:00,-0.5555555555555556,20.812090711327496,OFF,0.0,0.0,17.0
2026-01-22 09:31:00,32,26.76,81,2026-01-22 09:31:00,0.0,20.711833364325873,OFF,0.0,0.0,17.0
2026-01-22 09:46:00,32,26.76,81,2026-01-22 09:46:00,0.0,20.61649461409343,OFF,0.0,0.0,17.0
2026-01-22 10:00:00,33,28.04,82,2026-01-22 10:00:00,0.5555555555555556,20.52187090448773,HEAT,12000.0,1.0,18.0
2026-01-22 10:15:00,33,28.04,82,2026-01-22 10:15:00,0.5555555555555556,20.79212353937074,OFF,0.0,0.0,18.0
2026-01-22 10:30:00,34,29.01,82,2026-01-22 10:30:00,1.1111111111111112,20.700349279492123,OFF,0.0,0.0,18.0
2026-01-22 10:45:00,35,30.0,82,2026-01-22 10:45:00,1.6666666666666667,20.613429993229264,OFF,0.0,0.0,18.0
2026-01-22 11:00:00,35,30.88,85,2026-01-22 11:00:00,1.6666666666666667,20.531329268280043,HEAT,12000.0,1.0,19.0
2026-01-22 11:15:00,36,32.74,88,2026-01-22 11:15:00,2.2222222222222223,20.809844298767942,OFF,0.0,0.0,19.0
2026-01-22 11:30:00,37,34.02,89,2026-01-22 11:30:00,2.7777777777777777,20.73043713319385,OFF,0.0,0.0,19.0
2026-01-22 11:45:00,37,33.44,87,2026-01-22 11:45:00,2.7777777777777777,20.65579218802823,OFF,0.0,0.0,19.0
2026-01-22 12:01:00,37,32.56,84,2026-01-22 12:01:00,2.7777777777777777,20.58170707995135,OFF,0.0,0.0,19.0
2026-01-22 12:15:00,38,32.31,80,2026-01-22 12:15:00,3.3333333333333335,20.508177610185047,HEAT,12000.0,1.0,20.0
2026-01-22 12:31:00,39,32.97,79,2026-01-22 12:31:00,3.888888888888889,20.79936627810866,OFF,0.0,0.0,20.0
2026-01-22 12:45:00,40,33.62,78,2026-01-22 12:45:00,4.444444444444445,20.732537697689512,OFF,0.0,0.0,20.0
2026-01-22 13:00:00,40,32.95,76,2026-01-22 13:00:00,4.444444444444445,20.670376998290173,OFF,0.0,0.0,20.0
2026-01-22 13:16:00,43,34.48,72,2026-01-22 13:16:00,6.111111111111111,20.60868250413633,OFF,0.0,0.0,20.0
2026-01-22 13:31:00,42,32.45,69,2026-01-22 13:31:00,5.555555555555555,20.55995071868864,OFF,0.0,0.0,20.0
2026-01-22 13:46:00,44,33.64,67,2026-01-22 13:46:00,6.666666666666667,20.507417754965143,HEAT,12000.0,1.0,21.0
2026-01-22 14:01:00,46,33.17,61,2026-01-22 14:01:00,7.777777777777778,20.823612121802906,OFF,0.0,0.0,21.0
2026-01-22 14:16:00,47,34.11,61,2026-01-22 14:16:00,8.333333333333334,20.78576836422272,OFF,0.0,0.0,21.0
2026-01-22 14:30:00,48,33.78,58,2026-01-22 14:30:00,8.88888888888889,20.752375101491047,OFF,0.0,0.0,21.0
2026-01-22 14:46:00,48,34.21,59,2026-01-22 14:46:00,8.88888888888889,20.72339895489653,OFF,0.0,0.0,21.0
2026-01-22 15:00:00,48,33.78,58,2026-01-22 15:00:00,8.88888888888889,20.694640129401474,OFF,0.0,0.0,21.0
2026-01-22 15:15:00,47,33.69,60,2026-01-22 15:15:00,8.333333333333334,20.66609699509763,OFF,0.0,0.0,21.0
2026-01-22 15:30:00,45,34.2,66,2026-01-22 15:30:00,7.222222222222222,20.633601267634397,OFF,0.0,0.0,21.0
2026-01-22 15:46:00,43,34.14,71,2026-01-22 15:46:00,6.111111111111111,20.593015924793807,OFF,0.0,0.0,21.0
2026-01-22 16:01:00,42,34.21,74,2026-01-22 16:01:00,5.555555555555555,20.544401638691188,HEAT,12000.0,1.0,22.0
2026-01-22 16:15:00,41,34.27,77,2026-01-22 16:15:00,5.0,20.85198529306767,OFF,0.0,0.0,22.0
2026-01-22 16:30:00,40,34.57,81,2026-01-22 16:30:00,4.444444444444445,20.793095403369662,OFF,0.0,0.0,22.0
2026-01-22 16:45:00,38,33.24,83,2026-01-22 16:45:00,3.3333333333333335,20.73048052117772,OFF,0.0,0.0,22.0
2026-01-22 17:00:00,38,33.84,85,2026-01-22 17:00:00,3.3333333333333335,20.66000191726889,OFF,0.0,0.0,22.0
2026-01-22 17:16:00,37,33.15,86,2026-01-22 17:16:00,2.7777777777777777,20.59005190288937,OFF,0.0,0.0,22.0
2026-01-22 17:31:00,37,33.15,86,2026-01-22 17:31:00,2.7777777777777777,20.516459846951033,HEAT,12000.0,1.0,23.0
2026-01-22 17:45:00,36,32.45,87,2026-01-22 17:45:00,2.2222222222222223,20.803419731432232,OFF,0.0,0.0,23.0
2026-01-22 18:01:00,36,32.45,87,2026-01-22 18:01:00,2.2222222222222223,20.724060750113157,OFF,0.0,0.0,23.0
2026-01-22 18:16:00,35,31.48,87,2026-01-22 18:16:00,1.6666666666666667,20.645296961153974,OFF,0.0,0.0,23.0
2026-01-22 18:30:00,34,30.78,88,2026-01-22 18:30:00,1.1111111111111112,20.56295723394532,OFF,0.0,0.0,23.0
2026-01-22 18:45:00,34,30.78,88,2026-01-22 18:45:00,1.1111111111111112,20.477068388024062,HEAT,12000.0,1.0,24.0
2026-01-22 19:00:00,34,31.06,89,2026-01-22 19:00:00,1.1111111111111112,20.751823708447215,OFF,0.0,0.0,24.0
2026-01-22 19:15:00,33,30.07,89,2026-01-22 19:15:00,0.5555555555555556,20.664518363967193,OFF,0.0,0.0,24.0
2026-01-22 19:31:00,33,30.07,89,2026-01-22 19:31:00,0.5555555555555556,20.573701142904106,OFF,0.0,0.0,24.0
2026-01-22 19:45:00,33,30.07,89,2026-01-22 19:45:00,0.5555555555555556,20.48356505099899,HEAT,12000.0,1.0,25.0
2026-01-22 20:01:00,32,29.08,89,2026-01-22 20:01:00,0.0,20.754104979783165,OFF,0.0,0.0,25.0
2026-01-22 20:15:00,32,29.08,89,2026-01-22 20:15:00,0.0,20.65844919243479,OFF,0.0,0.0,25.0
2026-01-22 20:31:00,32,29.08,89,2026-01-22 20:31:00,0.0,20.56351082349153,OFF,0.0,0.0,25.0
2026-01-22 20:46:00,32,29.08,89,2026-01-22 20:46:00,0.0,20.469284492315342,HEAT,12000.0,1.0,26.0
2026-01-22 21:01:00,32,28.8,88,2026-01-22 21:01:00,0.0,20.73576485862298,OFF,0.0,0.0,26.0
2026-01-22 21:15:00,32,28.8,88,2026-01-22 21:15:00,0.0,20.640246622183305,OFF,0.0,0.0,26.0
2026-01-22 21:31:00,32,29.08,89,2026-01-22 21:31:00,0.0,20.54544477251693,HEAT,12000.0,1.0,27.0
2026-01-22 21:45:00,33,30.07,89,2026-01-22 21:45:00,0.5555555555555556,20.81135393672305,OFF,0.0,0.0,27.0
2026-01-22 22:00:00,32,29.08,89,2026-01-22 22:00:00,0.0,20.719435448864296,OFF,0.0,0.0,27.0
2026-01-22 22:15:00,32,29.08,89,2026-01-22 22:15:00,0.0,20.624039682997815,OFF,0.0,0.0,27.0
2026-01-22 22:31:00,32,29.08,89,2026-01-22 22:31:00,0.0,20.52935938537533,HEAT,12000.0,1.0,28.0
2026-01-22 22:46:00,32,29.08,89,2026-01-22 22:46:00,0.0,20.795389189985013,OFF,0.0,0.0,28.0
2026-01-22 23:00:00,32,29.08,89,2026-01-22 23:00:00,0.0,20.699423771060125,OFF,0.0,0.0,28.0
2026-01-22 23:15:00,31,28.09,89,2026-01-22 23:15:00,-0.5555555555555556,20.604178092777175,OFF,0.0,0.0,28.0
2026-01-22 23:30:00,32,29.08,89,2026-01-22 23:30:00,0.0,20.50548009041468,HEAT,12000.0,1.0,29.0
2026-01-22 23:46:00,31,28.09,89,2026-01-22 23:46:00,-0.5555555555555556,20.771688989736568,OFF,0.0,0.0,29.0
2026-01-23 00:00:00,31,28.09,89,2026-01-23 00:00:00,-0.5555555555555556,20.671734655646876,OFF,0.0,0.0,29.0
2026-01-23 00:15:00,31,28.09,89,2026-01-23 00:15:00,-0.5555555555555556,20.572529979062857,OFF,0.0,0.0,29.0
2026-01-23 00:30:00,32,29.08,89,2026-01-23 00:30:00,0.0,20.474069337553217,HEAT,12000.0,1.0,30.0
2026-01-23 00:46:00,31,28.09,89,2026-01-23 00:46:00,-0.5555555555555556,20.740513817521567,OFF,0.0,0.0,30.0
2026-01-23 01:00:00,31,28.09,89,2026-01-23 01:00:00,-0.5555555555555556,20.64079329722349,OFF,0.0,0.0,30.0
2026-01-23 01:15:00,31,28.09,89,2026-01-23 01:15:00,-0.5555555555555556,20.541820680827644,HEAT,12000.0,1.0,31.0
2026-01-23 01:30:00,30,27.1,89,2026-01-23 01:30:00,-1.1111111111111112,20.80359035905477,OFF,0.0,0.0,31.0
2026-01-23 01:45:00,30,27.1,89,2026-01-23 01:45:00,-1.1111111111111112,20.699230098028526,OFF,0.0,0.0,31.0
2026-01-23 02:00:00,30,26.83,88,2026-01-23 02:00:00,-1.1111111111111112,20.59565253895998,OFF,0.0,0.0,31.0
2026-01-23 02:16:00,29,25.84,88,2026-01-23 02:16:00,-1.6666666666666667,20.492851811584444,HEAT,12000.0,1.0,32.0
2026-01-23 02:30:00,29,25.84,88,2026-01-23 02:30:00,-1.6666666666666667,20.74665542299756,OFF,0.0,0.0,32.0
2026-01-23 02:45:00,29,25.84,88,2026-01-23 02:45:00,-1.6666666666666667,20.638555507325076,OFF,0.0,0.0,32.0
2026-01-23 03:00:00,29,25.57,87,2026-01-23 03:00:00,-1.6666666666666667,20.53126634102014,HEAT,12000.0,1.0,33.0
2026-01-23 03:15:00,29,25.57,87,2026-01-23 03:15:00,-1.6666666666666667,20.784781843462486,OFF,0.0,0.0,33.0
2026-01-23 03:30:00,29,25.57,87,2026-01-23 03:30:00,-1.6666666666666667,20.676395979636517,OFF,0.0,0.0,33.0
2026-01-23 03:45:00,29,25.57,87,2026-01-23 03:45:00,-1.6666666666666667,20.56882300978924,OFF,0.0,0.0,33.0
2026-01-23 04:01:00,28,24.58,87,2026-01-23 04:01:00,-2.2222222222222223,20.462056837215822,HEAT,12000.0,1.0,34.0
2026-01-23 04:15:00,28,24.58,87,2026-01-23 04:15:00,-2.2222222222222223,20.711924744270036,OFF,0.0,0.0,34.0
2026-01-23 04:30:00,28,24.58,87,2026-01-23 04:30:00,-2.2222222222222223,20.599918642021343,OFF,0.0,0.0,34.0
2026-01-23 04:45:00,28,24.3,86,2026-01-23 04:45:00,-2.2222222222222223,20.488752585539515,HEAT,12000.0,1.0,35.0
2026-01-23 05:00:00,28,24.3,86,2026-01-23 05:00:00,-2.2222222222222223,20.738420274481303,OFF,0.0,0.0,35.0
2026-01-23 05:15:00,28,24.3,86,2026-01-23 05:15:00,-2.2222222222222223,20.626215455756025,OFF,0.0,0.0,35.0
2026-01-23 05:31:00,28,24.3,86,2026-01-23 05:31:00,-2.2222222222222223,20.51485217317119,HEAT,12000.0,1.0,36.0
2026-01-23 05:45:00,28,24.3,86,2026-01-23 05:45:00,-2.2222222222222223,20.76432411520574,OFF,0.0,0.0,36.0
2026-01-23 06:00:00,27,23.32,86,2026-01-23 06:00:00,-2.7777777777777777,20.65192501767503,OFF,0.0,0.0,36.0
2026-01-23 06:15:00,27,23.04,85,2026-01-23 06:15:00,-2.7777777777777777,20.536202246709134,HEAT,12000.0,1.0,37.0
2026-01-23 06:31:00,28,24.03,85,2026-01-23 06:31:00,-2.2222222222222223,20.781347396525483,OFF,0.0,0.0,37.0
2026-01-23 06:45:00,27,23.32,86,2026-01-23 06:45:00,-2.7777777777777777,20.668820624384875,OFF,0.0,0.0,37.0
2026-01-23 07:00:00,27,23.04,85,2026-01-23 07:00:00,-2.7777777777777777,20.552971136368654,HEAT,12000.0,1.0,38.0
2026-01-23 07:15:00,27,23.04,85,2026-01-23 07:15:00,-2.7777777777777777,20.797990519512556,OFF,0.0,0.0,38.0
2026-01-23 07:31:00,27,23.04,85,2026-01-23 07:31:00,-2.7777777777777777,20.681172257282878,OFF,0.0,0.0,38.0
2026-01-23 07:45:00,27,23.04,85,2026-01-23 07:45:00,-2.7777777777777777,20.565230132019924,OFF,0.0,0.0,38.0
2026-01-23 08:00:00,27,22.75,84,2026-01-23 08:00:00,-2.7777777777777777,20.45015757269644,HEAT,12000.0,1.0,39.0
2026-01-23 08:16:00,27,22.75,84,2026-01-23 08:16:00,-2.7777777777777777,20.695948057567882,OFF,0.0,0.0,39.0
2026-01-23 08:30:00,27,22.75,84,2026-01-23 08:30:00,-2.7777777777777777,20.57989511380279,OFF,0.0,0.0,39.0
2026-01-23 08:45:00,28,23.45,83,2026-01-23 08:45:00,-2.2222222222222223,20.46471256711594,HEAT,12000.0,1.0,40.0
2026-01-23 09:01:00,28,23.45,83,2026-01-23 09:01:00,-2.2222222222222223,20.714560556195902,OFF,0.0,0.0,40.0
2026-01-23 09:15:00,29,24.13,82,2026-01-23 09:15:00,-1.6666666666666667,20.602534685357767,OFF,0.0,0.0,40.0
2026-01-23 09:30:00,29,24.13,82,2026-01-23 09:30:00,-1.6666666666666667,20.495515675217582,HEAT,12000.0,1.0,41.0
2026-01-23 09:45:00,30,25.11,82,2026-01-23 09:45:00,-1.1111111111111112,20.74929930765345,OFF,0.0,0.0,41.0
2026-01-23 10:00:00,31,26.08,82,2026-01-23 10:00:00,-0.5555555555555556,20.645346229512718,OFF,0.0,0.0,41.0
2026-01-23 10:15:00,32,27.36,83,2026-01-23 10:15:00,0.0,20.546339466124707,HEAT,12000.0,1.0,42.0
2026-01-23 10:31:00,33,30.07,89,2026-01-23 10:31:00,0.5555555555555556,20.81224192012877,OFF,0.0,0.0,42.0
2026-01-23 10:45:00,34,31.33,90,2026-01-23 10:45:00,1.1111111111111112,20.720316772394472,OFF,0.0,0.0,42.0
2026-01-23 11:01:00,36,31.87,85,2026-01-23 11:01:00,2.2222222222222223,20.633247729934848,OFF,0.0,0.0,42.0
2026-01-23 11:15:00,38,31.35,77,2026-01-23 11:15:00,3.3333333333333335,20.555165038627003,HEAT,12000.0,1.0,43.0
2026-01-23 11:30:00,40,29.8,67,2026-01-23 11:30:00,4.444444444444445,20.8460013008373,OFF,0.0,0.0,43.0
2026-01-23 11:46:00,41,30.0,65,2026-01-23 11:46:00,5.0,20.782989624414355,OFF,0.0,0.0,43.0
2026-01-23 12:00:00,42,29.79,62,2026-01-23 12:00:00,5.555555555555555,20.724617202231247,OFF,0.0,0.0,43.0
2026-01-23 12:16:00,43,29.5,59,2026-01-23 12:16:00,6.111111111111111,20.67084923988118,OFF,0.0,0.0,43.0
2026-01-23 12:30:00,44,30.45,59,2026-01-23 12:30:00,6.666666666666667,20.621651203915402,OFF,0.0,0.0,43.0
2026-01-23 12:45:00,45,30.96,58,2026-01-23 12:45:00,7.222222222222222,20.576988819886036,OFF,0.0,0.0,43.0
2026-01-23 13:00:00,46,31.03,56,2026-01-23 13:00:00,7.777777777777778,20.53682807040356,HEAT,12000.0,1.0,44.0
2026-01-23 13:16:00,46,30.13,54,2026-01-23 13:16:00,7.777777777777778,20.861135193208867,OFF,0.0,0.0,44.0
2026-01-23 13:30:00,47,29.64,51,2026-01-23 13:30:00,8.333333333333334,20.823010012593134,OFF,0.0,0.0,44.0
2026-01-23 13:45:00,48,29.57,49,2026-01-23 13:45:00,8.88888888888889,20.789337437498684,OFF,0.0,0.0,44.0
2026-01-23 14:00:00,47,29.16,50,2026-01-23 14:00:00,8.333333333333334,20.76008407338411,OFF,0.0,0.0,44.0
2026-01-23 14:15:00,49,30.49,49,2026-01-23 14:15:00,9.444444444444445,20.726883442833728,OFF,0.0,0.0,44.0
2026-01-23 14:30:00,49,29.98,48,2026-01-23 14:30:00,9.444444444444445,20.70226515034581,OFF,0.0,0.0,44.0
2026-01-23 14:46:00,48,30.56,51,2026-01-23 14:46:00,8.88888888888889,20.67783149505155,OFF,0.0,0.0,44.0
2026-01-23 15:01:00,48,30.07,50,2026-01-23 15:01:00,8.88888888888889,20.64941442550533,OFF,0.0,0.0,44.0
2026-01-23 15:15:00,48,30.07,50,2026-01-23 15:15:00,8.88888888888889,20.621210483980708,OFF,0.0,0.0,44.0
2026-01-23 15:30:00,49,30.99,50,2026-01-23 15:30:00,9.444444444444445,20.593218072017518,OFF,0.0,0.0,44.0
2026-01-23 15:45:00,49,28.4,45,2026-01-23 15:45:00,9.444444444444445,20.56960226981072,OFF,0.0,0.0,44.0
2026-01-23 16:01:00,48,28.54,47,2026-01-23 16:01:00,8.88888888888889,20.54616358612047,HEAT,12000.0,1.0,45.0
2026-01-23 16:15:00,48,31.05,52,2026-01-23 16:15:00,8.88888888888889,20.878734025891234,OFF,0.0,0.0,45.0
2026-01-23 16:30:00,45,31.39,59,2026-01-23 16:30:00,7.222222222222222,20.848810187363718,OFF,0.0,0.0,45.0
2026-01-23 16:45:00,44,32.09,63,2026-01-23 16:45:00,6.666666666666667,20.806610777625156,OFF,0.0,0.0,45.0
2026-01-23 17:00:00,42,32.45,69,2026-01-23 17:00:00,5.555555555555555,20.760561196792967,OFF,0.0,0.0,45.0
2026-01-23 17:15:00,40,31.6,72,2026-01-23 17:15:00,4.444444444444445,20.706523654483686,OFF,0.0,0.0,45.0
2026-01-23 17:30:00,38,30.36,74,2026-01-23 17:30:00,3.3333333333333335,20.644558060408393,OFF,0.0,0.0,45.0
2026-01-23 17:46:00,38,30.36,74,2026-01-23 17:46:00,3.3333333333333335,20.57472387495533,OFF,0.0,0.0,45.0
2026-01-23 18:01:00,38,30.36,74,2026-01-23 18:01:00,3.3333333333333335,20.505413445893165,HEAT,12000.0,1.0,46.0
2026-01-23 18:15:00,37,30.38,77,2026-01-23 18:15:00,2.7777777777777777,20.796622845048965,OFF,0.0,0.0,46.0
2026-01-23 18:30:00,35,29.07,79,2026-01-23 18:30:00,1.6666666666666667,20.72148150704443,OFF,0.0,0.0,46.0
2026-01-23 18:45:00,34,29.01,82,2026-01-23 18:45:00,1.1111111111111112,20.638570395741596,OFF,0.0,0.0,46.0
2026-01-23 19:01:00,34,29.32,83,2026-01-23 19:01:00,1.1111111111111112,20.552114451106867,HEAT,12000.0,1.0,47.0
2026-01-23 19:15:00,33,28.63,84,2026-01-23 19:15:00,0.5555555555555556,20.826306926056898,OFF,0.0,0.0,47.0
2026-01-23 19:30:00,33,28.92,85,2026-01-23 19:30:00,0.5555555555555556,20.734276290778137,OFF,0.0,0.0,47.0
2026-01-23 19:46:00,32,28.24,86,2026-01-23 19:46:00,0.0,20.642935885263967,OFF,0.0,0.0,47.0
2026-01-23 20:00:00,32,28.53,87,2026-01-23 20:00:00,0.0,20.54811386612449,HEAT,12000.0,1.0,48.0
2026-01-23 20:15:00,31,27.54,87,2026-01-23 20:15:00,-0.5555555555555556,20.814003012128556,OFF,0.0,0.0,48.0
2026-01-23 20:30:00,31,27.82,88,2026-01-23 20:30:00,-0.5555555555555556,20.713731322870924,OFF,0.0,0.0,48.0
2026-01-23 20:45:00,31,27.82,88,2026-01-23 20:45:00,-0.5555555555555556,20.614211671282725,OFF,0.0,0.0,48.0
2026-01-23 21:01:00,31,27.82,88,2026-01-23 21:01:00,-0.5555555555555556,20.515438417081437,HEAT,12000.0,1.0,49.0
2026-01-23 21:15:00,31,27.82,88,2026-01-23 21:15:00,-0.5555555555555556,20.77740596228666,OFF,0.0,0.0,49.0
2026-01-23 21:30:00,30,26.83,88,2026-01-23 21:30:00,-1.1111111111111112,20.677408750902845,OFF,0.0,0.0,49.0
2026-01-23 21:46:00,30,26.83,88,2026-01-23 21:46:00,-1.1111111111111112,20.57399485193774,OFF,0.0,0.0,49.0
2026-01-23 22:00:00,30,26.83,88,2026-01-23 22:00:00,-1.1111111111111112,20.471356557214875,HEAT,12000.0,1.0,50.0
2026-01-23 22:15:00,30,26.83,88,2026-01-23 22:15:00,-1.1111111111111112,20.72948804970243,OFF,0.0,0.0,50.0
2026-01-23 22:30:00,30,27.1,89,2026-01-23 22:30:00,-1.1111111111111112,20.62568355599633,OFF,0.0,0.0,50.0
2026-01-23 22:45:00,30,27.1,89,2026-01-23 22:45:00,-1.1111111111111112,20.522657595993024,HEAT,12000.0,1.0,51.0
2026-01-23 23:01:00,30,27.1,89,2026-01-23 23:01:00,-1.1111111111111112,20.780404330689745,OFF,0.0,0.0,51.0
2026-01-23 23:16:00,30,27.1,89,2026-01-23 23:16:00,-1.1111111111111112,20.676217964876237,OFF,0.0,0.0,51.0
2026-01-23 23:30:00,29,26.13,89,2026-01-23 23:30:00,-1.6666666666666667,20.57281299680633,OFF,0.0,0.0,51.0
2026-01-23 23:45:00,29,26.13,89,2026-01-23 23:45:00,-1.6666666666666667,20.466016899330285,HEAT,12000.0,1.0,52.0
2026-01-24 00:01:00,29,26.13,89,2026-01-24 00:01:00,-1.6666666666666667,20.72002177258531,OFF,0.0,0.0,52.0
2026-01-24 00:15:00,29,26.13,89,2026-01-24 00:15:00,-1.6666666666666667,20.61212160929092,OFF,0.0,0.0,52.0
2026-01-24 00:30:00,28,25.14,89,2026-01-24 00:30:00,-2.2222222222222223,20.505030697221237,HEAT,12000.0,1.0,53.0
2026-01-24 00:45:00,28,25.14,89,2026-01-24 00:45:00,-2.2222222222222223,20.75457630032541,OFF,0.0,0.0,53.0
2026-01-24 01:00:00,28,25.14,89,2026-01-24 01:00:00,-2.2222222222222223,20.642250311406304,OFF,0.0,0.0,53.0
2026-01-24 01:15:00,28,25.14,89,2026-01-24 01:15:00,-2.2222222222222223,20.53076676740409,HEAT,12000.0,1.0,54.0
2026-01-24 01:31:00,28,25.14,89,2026-01-24 01:31:00,-2.2222222222222223,20.78011934998189,OFF,0.0,0.0,54.0
2026-01-24 01:45:00,28,24.85,88,2026-01-24 01:45:00,-2.2222222222222223,20.66760178819036,OFF,0.0,0.0,54.0
2026-01-24 02:00:00,28,25.14,89,2026-01-24 02:00:00,-2.2222222222222223,20.555928108112266,OFF,0.0,0.0,54.0
2026-01-24 02:15:00,27,23.88,88,2026-01-24 02:15:00,-2.7777777777777777,20.445091980634757,HEAT,12000.0,1.0,55.0
2026-01-24 02:31:00,27,23.88,88,2026-01-24 02:31:00,-2.7777777777777777,20.690920457446662,OFF,0.0,0.0,55.0
2026-01-24 02:45:00,27,23.88,88,2026-01-24 02:45:00,-2.7777777777777777,20.574905220682478,OFF,0.0,0.0,55.0
2026-01-24 03:01:00,27,23.88,88,2026-01-24 03:01:00,-2.7777777777777777,20.459760098194025,HEAT,12000.0,1.0,56.0
2026-01-24 03:16:00,27,23.88,88,2026-01-24 03:16:00,-2.7777777777777777,20.705478564124235,OFF,0.0,0.0,56.0
2026-01-24 03:31:00,27,23.88,88,2026-01-24 03:31:00,-2.7777777777777777,20.58935414155997,OFF,0.0,0.0,56.0
2026-01-24 03:45:00,27,23.88,88,2026-01-24 03:45:00,-2.7777777777777777,20.474100652164935,HEAT,12000.0,1.0,57.0
2026-01-24 04:00:00,27,23.88,88,2026-01-24 04:00:00,-2.7777777777777777,20.719711563940365,OFF,0.0,0.0,57.0
2026-01-24 04:16:00,26,22.89,88,2026-01-24 04:16:00,-3.3333333333333335,20.60348039387748,OFF,0.0,0.0,57.0
2026-01-24 04:31:00,26,22.89,88,2026-01-24 04:31:00,-3.3333333333333335,20.4839542909234,HEAT,12000.0,1.0,58.0
2026-01-24 04:45:00,26,22.62,87,2026-01-24 04:45:00,-3.3333333333333335,20.725324633741476,OFF,0.0,0.0,58.0
2026-01-24 05:01:00,27,23.59,87,2026-01-24 05:01:00,-2.7777777777777777,20.604884698988414,OFF,0.0,0.0,58.0
2026-01-24 05:15:00,26,22.62,87,2026-01-24 05:15:00,-3.3333333333333335,20.48951473041267,HEAT,12000.0,1.0,59.0
2026-01-24 05:31:00,26,22.62,87,2026-01-24 05:31:00,-3.3333333333333335,20.730843369934576,OFF,0.0,0.0,59.0
2026-01-24 05:45:00,26,22.62,87,2026-01-24 05:45:00,-3.3333333333333335,20.610362044660068,OFF,0.0,0.0,59.0
2026-01-24 06:00:00,26,22.62,87,2026-01-24 06:00:00,-3.3333333333333335,20.490784329325116,HEAT,12000.0,1.0,60.0
2026-01-24 06:15:00,26,22.62,87,2026-01-24 06:15:00,-3.3333333333333335,20.732103446855177,OFF,0.0,0.0,60.0
2026-01-24 06:31:00,26,22.62,87,2026-01-24 06:31:00,-3.3333333333333335,20.611612671003762,OFF,0.0,0.0,60.0
2026-01-24 06:46:00,26,22.62,87,2026-01-24 06:46:00,-3.3333333333333335,20.492025575971233,HEAT,12000.0,1.0,61.0
2026-01-24 07:01:00,26,22.62,87,2026-01-24 07:01:00,-3.3333333333333335,20.73333538415145,OFF,0.0,0.0,61.0
2026-01-24 07:15:00,26,22.33,86,2026-01-24 07:15:00,-3.3333333333333335,20.612835368770313,OFF,0.0,0.0,61.0
2026-01-24 07:30:00,26,22.62,87,2026-01-24 07:30:00,-3.3333333333333335,20.493239103504536,HEAT,12000.0,1.0,62.0
2026-01-24 07:45:00,25,21.34,86,2026-01-24 07:45:00,-3.888888888888889,20.734539810228252,OFF,0.0,0.0,62.0
2026-01-24 08:00:00,25,21.63,87,2026-01-24 08:00:00,-3.888888888888889,20.609864094984875,OFF,0.0,0.0,62.0
2026-01-24 08:16:00,25,21.63,87,2026-01-24 08:16:00,-3.888888888888889,20.48612344760582,HEAT,12000.0,1.0,63.0
2026-01-24 08:30:00,25,21.63,87,2026-01-24 08:30:00,-3.888888888888889,20.72331085508211,OFF,0.0,0.0,63.0
2026-01-24 08:45:00,25,21.34,86,2026-01-24 08:45:00,-3.888888888888889,20.598719357002327,OFF,0.0,0.0,63.0
2026-01-24 09:01:00,26,22.33,86,2026-01-24 09:01:00,-3.3333333333333335,20.475062295158143,HEAT,12000.0,1.0,64.0
2026-01-24 09:16:00,26,22.06,85,2026-01-24 09:16:00,-3.3333333333333335,20.716499327944458,OFF,0.0,0.0,64.0
2026-01-24 09:31:00,27,22.75,84,2026-01-24 09:31:00,-2.7777777777777777,20.596125582984875,OFF,0.0,0.0,64.0
2026-01-24 09:45:00,28,23.45,83,2026-01-24 09:45:00,-2.2222222222222223,20.480821307779156,HEAT,12000.0,1.0,65.0
2026-01-24 10:00:00,29,24.71,84,2026-01-24 10:00:00,-1.6666666666666667,20.730548481304144,OFF,0.0,0.0,65.0
2026-01-24 10:15:00,30,25.11,82,2026-01-24 10:15:00,-1.1111111111111112,20.622569367694364,OFF,0.0,0.0,65.0
2026-01-24 10:30:00,32,28.53,87,2026-01-24 10:30:00,0.0,20.519566764103324,HEAT,12000.0,1.0,66.0
2026-01-24 10:45:00,33,30.07,89,2026-01-24 10:45:00,0.5555555555555556,20.78567001337255,OFF,0.0,0.0,66.0
2026-01-24 11:00:00,34,30.49,87,2026-01-24 11:00:00,1.1111111111111112,20.693944154938922,OFF,0.0,0.0,66.0
2026-01-24 11:15:00,35,30.6,84,2026-01-24 11:15:00,1.6666666666666667,20.607072907110215,OFF,0.0,0.0,66.0
2026-01-24 11:30:00,37,30.7,78,2026-01-24 11:30:00,2.7777777777777777,20.525019860306887,HEAT,12000.0,1.0,67.0
2026-01-24 11:45:00,38,30.36,74,2026-01-24 11:45:00,3.3333333333333335,20.81191554468792,OFF,0.0,0.0,67.0
2026-01-24 12:00:00,40,31.6,72,2026-01-24 12:00:00,4.444444444444445,20.74082617810276,OFF,0.0,0.0,67.0
2026-01-24 12:16:00,42,32.09,68,2026-01-24 12:16:00,5.555555555555555,20.678603315100325,OFF,0.0,0.0,67.0
2026-01-24 12:30:00,44,33.24,66,2026-01-24 12:30:00,6.666666666666667,20.62518045690374,OFF,0.0,0.0,67.0
2026-01-24 12:45:00,46,33.17,61,2026-01-24 12:45:00,7.777777777777778,20.58049160347696,OFF,0.0,0.0,67.0
2026-01-24 13:00:00,46,32.76,60,2026-01-24 13:00:00,7.777777777777778,20.544471249784216,HEAT,12000.0,1.0,68.0
2026-01-24 13:16:00,45,30.52,57,2026-01-24 13:16:00,7.222222222222222,20.868721048744167,OFF,0.0,0.0,68.0
2026-01-24 13:30:00,46,30.58,55,2026-01-24 13:30:00,7.777777777777778,20.826372307545252,OFF,0.0,0.0,68.0
2026-01-24 13:45:00,48,31.51,53,2026-01-24 13:45:00,8.88888888888889,20.788507848571996,OFF,0.0,0.0,68.0
2026-01-24 14:00:00,49,31.5,51,2026-01-24 14:00:00,9.444444444444445,20.759260706374373,OFF,0.0,0.0,68.0
2026-01-24 14:16:00,49,30.99,50,2026-01-24 14:16:00,9.444444444444445,20.7343995844099,OFF,0.0,0.0,68.0
2026-01-24 14:30:00,48,30.56,51,2026-01-24 14:30:00,8.88888888888889,20.709724920860157,OFF,0.0,0.0,68.0
2026-01-24 14:45:00,49,29.46,47,2026-01-24 14:45:00,9.444444444444445,20.68106865062037,OFF,0.0,0.0,68.0
2026-01-24 15:00:00,50,28.76,44,2026-01-24 15:00:00,10.0,20.65679396907405,OFF,0.0,0.0,68.0
2026-01-24 15:15:00,53,30.34,42,2026-01-24 15:15:00,11.666666666666666,20.636868014305996,OFF,0.0,0.0,68.0
2026-01-24 15:31:00,53,30.92,43,2026-01-24 15:31:00,11.666666666666666,20.6295915041987,OFF,0.0,0.0,68.0
2026-01-24 15:45:00,52,30.58,44,2026-01-24 15:45:00,11.11111111111111,20.62236956791721,OFF,0.0,0.0,68.0
2026-01-24 16:00:00,50,31.93,50,2026-01-24 16:00:00,10.0,20.611035129491164,OFF,0.0,0.0,68.0
2026-01-24 16:15:00,47,32.4,57,2026-01-24 16:15:00,8.333333333333334,20.59145236601998,OFF,0.0,0.0,68.0
2026-01-24 16:31:00,44,32.09,63,2026-01-24 16:31:00,6.666666666666667,20.55951647327483,OFF,0.0,0.0,68.0
2026-01-24 16:46:00,41,30.76,67,2026-01-24 16:46:00,5.0,20.51532009972527,HEAT,12000.0,1.0,69.0
2026-01-24 17:00:00,39,29.93,70,2026-01-24 17:00:00,3.888888888888889,20.818955198977328,OFF,0.0,0.0,69.0
2026-01-24 17:15:00,37,29.39,74,2026-01-24 17:15:00,2.7777777777777777,20.751979701651663,OFF,0.0,0.0,69.0
2026-01-24 17:30:00,36,29.41,77,2026-01-24 17:30:00,2.2222222222222223,20.67717318722261,OFF,0.0,0.0,69.0
2026-01-24 17:45:00,35,29.07,79,2026-01-24 17:45:00,1.6666666666666667,20.598761054985108,OFF,0.0,0.0,69.0
2026-01-24 18:00:00,34,28.4,80,2026-01-24 18:00:00,1.1111111111111112,20.51677034707272,HEAT,12000.0,1.0,70.0
2026-01-24 18:15:00,33,27.73,81,2026-01-24 18:15:00,0.5555555555555556,20.791227902803005,OFF,0.0,0.0,70.0
2026-01-24 18:30:00,33,28.04,82,2026-01-24 18:30:00,0.5555555555555556,20.69946036019865,OFF,0.0,0.0,70.0
2026-01-24 18:45:00,32,27.36,83,2026-01-24 18:45:00,0.0,20.608381074163827,OFF,0.0,0.0,70.0
2026-01-24 19:00:00,32,27.36,83,2026-01-24 19:00:00,0.0,20.513818216107598,HEAT,12000.0,1.0,71.0
2026-01-24 19:15:00,31,26.67,84,2026-01-24 19:15:00,-0.5555555555555556,20.77996457948679,OFF,0.0,0.0,71.0
2026-01-24 19:30:00,31,26.96,85,2026-01-24 19:30:00,-0.5555555555555556,20.679948178473975,OFF,0.0,0.0,71.0
2026-01-24 19:45:00,31,26.96,85,2026-01-24 19:45:00,-0.5555555555555556,20.580681900468754,OFF,0.0,0.0,71.0
2026-01-24 20:00:00,30,26.28,86,2026-01-24 20:00:00,-1.1111111111111112,20.48216011954857,HEAT,12000.0,1.0,72.0
2026-01-24 20:15:00,30,26.55,87,2026-01-24 20:15:00,-1.1111111111111112,20.74021058531862,OFF,0.0,0.0,72.0
2026-01-24 20:30:00,30,26.55,87,2026-01-24 20:30:00,-1.1111111111111112,20.636325672595397,OFF,0.0,0.0,72.0
2026-01-24 20:45:00,30,26.55,87,2026-01-24 20:45:00,-1.1111111111111112,20.533219896717597,HEAT,12000.0,1.0,73.0
2026-01-24 21:00:00,30,26.83,88,2026-01-24 21:00:00,-1.1111111111111112,20.79088741415888,OFF,0.0,0.0,73.0
2026-01-24 21:15:00,30,26.83,88,2026-01-24 21:15:00,-1.1111111111111112,20.686622425219355,OFF,0.0,0.0,73.0
2026-01-24 21:30:00,29,25.84,88,2026-01-24 21:30:00,-1.6666666666666667,20.583139423696878,OFF,0.0,0.0,73.0
2026-01-24 21:45:00,29,25.84,88,2026-01-24 21:45:00,-1.6666666666666667,20.476265878019152,HEAT,12000.0,1.0,74.0
2026-01-24 22:00:00,29,25.84,88,2026-01-24 22:00:00,-1.6666666666666667,20.73019388393401,OFF,0.0,0.0,74.0
2026-01-24 22:15:00,29,25.84,88,2026-01-24 22:15:00,-1.6666666666666667,20.622217429804504,OFF,0.0,0.0,74.0
2026-01-24 22:30:00,29,26.13,89,2026-01-24 22:30:00,-1.6666666666666667,20.51505079908097,HEAT,12000.0,1.0,75.0
2026-01-24 22:45:00,28,25.14,89,2026-01-24 22:45:00,-2.2222222222222223,20.768687918087863,OFF,0.0,0.0,75.0
2026-01-24 23:00:00,28,25.14,89,2026-01-24 23:00:00,-2.2222222222222223,20.656256092035537,OFF,0.0,0.0,75.0
2026-01-24 23:15:00,28,25.14,89,2026-01-24 23:15:00,-2.2222222222222223,20.544667504678603,HEAT,12000.0,1.0,76.0
2026-01-24 23:30:00,28,25.14,89,2026-01-24 23:30:00,-2.2222222222222223,20.793915831726846,OFF,0.0,0.0,76.0
2026-01-24 23:46:00,28,25.14,89,2026-01-24 23:46:00,-2.2222222222222223,20.681294796322227,OFF,0.0,0.0,76.0
2026-01-25 00:01:00,28,25.14,89,2026-01-25 00:01:00,-2.2222222222222223,20.569518418683145,OFF,0.0,0.0,76.0
2026-01-25 00:15:00,28,25.14,89,2026-01-25 00:15:00,-2.2222222222222223,20.458580363876354,HEAT,12000.0,1.0,77.0
2026-01-25 00:30:00,27,24.15,89,2026-01-25 00:30:00,-2.7777777777777777,20.708474344480614,OFF,0.0,0.0,77.0
2026-01-25 00:45:00,27,24.15,89,2026-01-25 00:45:00,-2.7777777777777777,20.592327453563676,OFF,0.0,0.0,77.0
2026-01-25 01:00:00,27,24.15,89,2026-01-25 01:00:00,-2.7777777777777777,20.477051664328616,HEAT,12000.0,1.0,78.0
2026-01-25 01:15:00,27,24.15,89,2026-01-25 01:15:00,-2.7777777777777777,20.72264044351282,OFF,0.0,0.0,78.0
2026-01-25 01:31:00,27,24.15,89,2026-01-25 01:31:00,-2.7777777777777777,20.60638730685314,OFF,0.0,0.0,78.0
2026-01-25 01:45:00,26,23.16,89,2026-01-25 01:45:00,-3.3333333333333335,20.49100606871841,HEAT,12000.0,1.0,79.0
2026-01-25 02:00:00,26,22.89,88,2026-01-25 02:00:00,-3.3333333333333335,20.73232352320302,OFF,0.0,0.0,79.0
2026-01-25 02:15:00,26,23.16,89,2026-01-25 02:15:00,-3.3333333333333335,20.611831096779,OFF,0.0,0.0,79.0
2026-01-25 02:31:00,26,23.16,89,2026-01-25 02:31:00,-3.3333333333333335,20.492242363553157,HEAT,12000.0,1.0,80.0
2026-01-25 02:45:00,26,23.16,89,2026-01-25 02:45:00,-3.3333333333333335,20.733550545826507,OFF,0.0,0.0,80.0
2026-01-25 03:00:00,26,22.89,88,2026-01-25 03:00:00,-3.3333333333333335,20.613048916732808,OFF,0.0,0.0,80.0
2026-01-25 03:16:00,26,22.89,88,2026-01-25 03:16:00,-3.3333333333333335,20.493451049857313,HEAT,12000.0,1.0,81.0
2026-01-25 03:31:00,26,22.89,88,2026-01-25 03:31:00,-3.3333333333333335,20.734750166983382,OFF,0.0,0.0,81.0
2026-01-25 03:45:00,26,22.89,88,2026-01-25 03:45:00,-3.3333333333333335,20.614239540731006,OFF,0.0,0.0,81.0
2026-01-25 04:01:00,26,22.89,88,2026-01-25 04:01:00,-3.3333333333333335,20.494632744175522,HEAT,12000.0,1.0,82.0
2026-01-25 04:15:00,25,21.9,88,2026-01-25 04:15:00,-3.888888888888889,20.735922998594205,OFF,0.0,0.0,82.0
2026-01-25 04:30:00,25,21.9,88,2026-01-25 04:30:00,-3.888888888888889,20.61123690943808,OFF,0.0,0.0,82.0
2026-01-25 04:45:00,25,22.17,89,2026-01-25 04:45:00,-3.888888888888889,20.48748596595063,HEAT,12000.0,1.0,83.0
2026-01-25 05:00:00,25,21.9,88,2026-01-25 05:00:00,-3.888888888888889,20.724663154539332,OFF,0.0,0.0,83.0
2026-01-25 05:15:00,24,20.91,88,2026-01-25 05:15:00,-4.444444444444445,20.60006151421362,OFF,0.0,0.0,83.0
2026-01-25 05:30:00,24,20.91,88,2026-01-25 05:30:00,-4.444444444444445,20.472227719523687,HEAT,12000.0,1.0,84.0
2026-01-25 05:45:00,24,20.91,88,2026-01-25 05:45:00,-4.444444444444445,20.705352678293927,OFF,0.0,0.0,84.0
2026-01-25 06:00:00,24,20.91,88,2026-01-25 06:00:00,-4.444444444444445,20.57672919987339,OFF,0.0,0.0,84.0
2026-01-25 06:15:00,24,20.64,87,2026-01-25 06:15:00,-4.444444444444445,20.449070397541007,HEAT,12000.0,1.0,85.0
2026-01-25 06:31:00,25,21.63,87,2026-01-25 06:31:00,-3.888888888888889,20.682369036226117,OFF,0.0,0.0,85.0
2026-01-25 06:45:00,25,21.63,87,2026-01-25 06:45:00,-3.888888888888889,20.558084601787755,OFF,0.0,0.0,85.0
2026-01-25 07:00:00,24,20.91,88,2026-01-25 07:00:00,-4.444444444444445,20.43473230060768,HEAT,12000.0,1.0,86.0
2026-01-25 07:15:00,24,20.64,87,2026-01-25 07:15:00,-4.444444444444445,20.66813847501979,OFF,0.0,0.0,86.0
2026-01-25 07:30:00,25,21.63,87,2026-01-25 07:30:00,-3.888888888888889,20.53979410312381,HEAT,12000.0,1.0,87.0
2026-01-25 07:45:00,25,21.9,88,2026-01-25 07:45:00,-3.888888888888889,20.776578980683716,OFF,0.0,0.0,87.0
2026-01-25 08:00:00,24,20.91,88,2026-01-25 08:00:00,-4.444444444444445,20.65158797166192,OFF,0.0,0.0,87.0
2026-01-25 08:15:00,24,20.64,87,2026-01-25 08:15:00,-4.444444444444445,20.523367728541125,HEAT,12000.0,1.0,88.0
2026-01-25 08:30:00,25,21.63,87,2026-01-25 08:30:00,-3.888888888888889,20.756109137243733,OFF,0.0,0.0,88.0
2026-01-25 08:45:00,25,21.34,86,2026-01-25 08:45:00,-3.888888888888889,20.63127165204774,OFF,0.0,0.0,88.0
2026-01-25 09:00:00,26,22.33,86,2026-01-25 09:00:00,-3.3333333333333335,20.507370447990716,HEAT,12000.0,1.0,89.0
2026-01-25 09:16:00,26,22.33,86,2026-01-25 09:16:00,-3.3333333333333335,20.748565169630787,OFF,0.0,0.0,89.0
2026-01-25 09:31:00,27,22.75,84,2026-01-25 09:31:00,-2.7777777777777777,20.627950930858557,OFF,0.0,0.0,89.0
2026-01-25 09:45:00,28,24.03,85,2026-01-25 09:45:00,-2.2222222222222223,20.512407965543783,HEAT,12000.0,1.0,90.0
2026-01-25 10:01:00,28,24.3,86,2026-01-25 10:01:00,-2.2222222222222223,20.761898239135537,OFF,0.0,0.0,90.0
2026-01-25 10:16:00,30,25.39,83,2026-01-25 10:16:00,-1.1111111111111112,20.649517335675352,OFF,0.0,0.0,90.0
2026-01-25 10:30:00,31,27.82,88,2026-01-25 10:30:00,-0.5555555555555556,20.546312622324454,HEAT,12000.0,1.0,91.0
2026-01-25 10:46:00,32,29.35,90,2026-01-25 10:46:00,0.0,20.808048610990355,OFF,0.0,0.0,91.0
2026-01-25 11:00:00,33,29.5,87,2026-01-25 11:00:00,0.5555555555555556,20.711988246407927,OFF,0.0,0.0,91.0
2026-01-25 11:15:00,34,29.61,84,2026-01-25 11:15:00,1.1111111111111112,20.620815001226536,OFF,0.0,0.0,91.0
2026-01-25 11:31:00,35,29.7,81,2026-01-25 11:31:00,1.6666666666666667,20.53449222205067,HEAT,12000.0,1.0,92.0
2026-01-25 11:46:00,36,29.41,77,2026-01-25 11:46:00,2.2222222222222223,20.81298353038529,OFF,0.0,0.0,92.0
2026-01-25 12:00:00,38,30.69,75,2026-01-25 12:00:00,3.3333333333333335,20.733552820574065,OFF,0.0,0.0,92.0
2026-01-25 12:16:00,40,31.24,71,2026-01-25 12:16:00,4.444444444444445,20.66305117441976,OFF,0.0,0.0,92.0
2026-01-25 12:30:00,42,31.71,67,2026-01-25 12:30:00,5.555555555555555,20.601411623944944,OFF,0.0,0.0,92.0
2026-01-25 12:46:00,43,31.53,64,2026-01-25 12:46:00,6.111111111111111,20.548567703432024,HEAT,12000.0,1.0,93.0
2026-01-25 13:00:00,44,30.87,60,2026-01-25 13:00:00,6.666666666666667,20.860286778989618,OFF,0.0,0.0,93.0
2026-01-25 13:15:00,45,29.19,54,2026-01-25 13:15:00,7.222222222222222,20.813834628147195,OFF,0.0,0.0,93.0
2026-01-25 13:30:00,46,30.13,54,2026-01-25 13:30:00,7.777777777777778,20.771897535102756,OFF,0.0,0.0,93.0
2026-01-25 13:46:00,46,30.13,54,2026-01-25 13:46:00,7.777777777777778,20.734441636922817,OFF,0.0,0.0,93.0
2026-01-25 14:00:00,48,31.98,54,2026-01-25 14:00:00,8.88888888888889,20.697266657979227,OFF,0.0,0.0,93.0
2026-01-25 14:15:00,49,31.98,52,2026-01-25 14:15:00,9.444444444444445,20.66870382471105,OFF,0.0,0.0,93.0
2026-01-25 14:30:00,50,31.93,50,2026-01-25 14:30:00,10.0,20.64452187935905,OFF,0.0,0.0,93.0
2026-01-25 14:45:00,49,30.99,50,2026-01-25 14:45:00,9.444444444444445,20.624687965263856,OFF,0.0,0.0,93.0
2026-01-25 15:00:00,49,29.46,47,2026-01-25 15:00:00,9.444444444444445,20.600836138857712,OFF,0.0,0.0,93.0
2026-01-25 15:15:00,50,30.9,48,2026-01-25 15:15:00,10.0,20.577163201149613,OFF,0.0,0.0,93.0
2026-01-25 15:30:00,51,29.68,44,2026-01-25 15:30:00,10.555555555555555,20.55783447714099,OFF,0.0,0.0,93.0
2026-01-25 15:45:00,50,29.86,46,2026-01-25 15:45:00,10.0,20.5428173852291,HEAT,12000.0,1.0,94.0
2026-01-25 16:00:00,51,30.78,46,2026-01-25 16:00:00,10.555555555555555,20.88374625483988,OFF,0.0,0.0,94.0
2026-01-25 16:15:00,51,30.78,46,2026-01-25 16:15:00,10.555555555555555,20.866284824595247,OFF,0.0,0.0,94.0
2026-01-25 16:30:00,46,31.46,57,2026-01-25 16:30:00,7.777777777777778,20.84895435507745,OFF,0.0,0.0,94.0
2026-01-25 16:45:00,41,30.76,67,2026-01-25 16:45:00,5.0,20.8109205307477,OFF,0.0,0.0,94.0
2026-01-25 17:00:00,39,29.93,70,2026-01-25 17:00:00,3.888888888888889,20.752338626767095,OFF,0.0,0.0,94.0
2026-01-25 17:15:00,37,29.39,74,2026-01-25 17:15:00,2.7777777777777777,20.68586275373301,OFF,0.0,0.0,94.0
2026-01-25 17:30:00,36,29.08,76,2026-01-25 17:30:00,2.2222222222222223,20.611552116413346,OFF,0.0,0.0,94.0
2026-01-25 17:46:00,34,27.79,78,2026-01-25 17:46:00,1.1111111111111112,20.533632142206912,HEAT,12000.0,1.0,95.0
2026-01-25 18:01:00,34,28.71,81,2026-01-25 18:01:00,1.1111111111111112,20.807963234473693,OFF,0.0,0.0,95.0
2026-01-25 18:15:00,33,28.04,82,2026-01-25 18:15:00,0.5555555555555556,20.720236843548474,OFF,0.0,0.0,95.0
2026-01-25 18:30:00,32,27.07,82,2026-01-25 18:30:00,0.0,20.629001733888526,OFF,0.0,0.0,95.0
2026-01-25 18:46:00,31,26.67,84,2026-01-25 18:46:00,-0.5555555555555556,20.534284220884363,HEAT,12000.0,1.0,96.0
2026-01-25 19:00:00,31,26.96,85,2026-01-25 19:00:00,-0.5555555555555556,20.796110422561064,OFF,0.0,0.0,96.0
2026-01-25 19:15:00,30,26.28,86,2026-01-25 19:15:00,-1.1111111111111112,20.69597292772519,OFF,0.0,0.0,96.0
2026-01-25 19:31:00,30,26.28,86,2026-01-25 19:31:00,-1.1111111111111112,20.59241979743392,OFF,0.0,0.0,96.0
2026-01-25 19:45:00,30,26.55,87,2026-01-25 19:45:00,-1.1111111111111112,20.48964331561983,HEAT,12000.0,1.0,97.0
2026-01-25 20:01:00,29,25.57,87,2026-01-25 20:01:00,-1.6666666666666667,20.747637657419347,OFF,0.0,0.0,97.0
2026-01-25 20:15:00,29,25.84,88,2026-01-25 20:15:00,-1.6666666666666667,20.639530374988702,OFF,0.0,0.0,97.0
2026-01-25 20:30:00,29,25.84,88,2026-01-25 20:30:00,-1.6666666666666667,20.532233897176287,HEAT,12000.0,1.0,98.0
2026-01-25 20:45:00,29,25.84,88,2026-01-25 20:45:00,-1.6666666666666667,20.785742142947466,OFF,0.0,0.0,98.0
2026-01-25 21:00:00,29,25.84,88,2026-01-25 21:00:00,-1.6666666666666667,20.67734907687536,OFF,0.0,0.0,98.0
2026-01-25 21:15:00,29,25.84,88,2026-01-25 21:15:00,-1.6666666666666667,20.569768958798793,OFF,0.0,0.0,98.0
2026-01-25 21:30:00,28,24.85,88,2026-01-25 21:30:00,-2.2222222222222223,20.4629956916078,HEAT,12000.0,1.0,99.0
2026-01-25 21:45:00,28,24.85,88,2026-01-25 21:45:00,-2.2222222222222223,20.712856557254078,OFF,0.0,0.0,99.0
2026-01-25 22:01:00,28,24.85,88,2026-01-25 22:01:00,-2.2222222222222223,20.600843466408005,OFF,0.0,0.0,99.0
2026-01-25 22:15:00,28,25.14,89,2026-01-25 22:15:00,-2.2222222222222223,20.489670473743278,HEAT,12000.0,1.0,100.0
2026-01-25 22:30:00,28,25.14,89,2026-01-25 22:30:00,-2.2222222222222223,20.739331278523537,OFF,0.0,0.0,100.0
2026-01-25 22:45:00,28,25.14,89,2026-01-25 22:45:00,-2.2222222222222223,20.627119627267945,OFF,0.0,0.0,100.0
2026-01-25 23:00:00,28,25.14,89,2026-01-25 23:00:00,-2.2222222222222223,20.515749563396767,HEAT,12000.0,1.0,101.0
2026-01-25 23:15:00,28,25.14,89,2026-01-25 23:15:00,-2.2222222222222223,20.765214775004626,OFF,0.0,0.0,101.0
2026-01-25 23:30:00,28,25.14,89,2026-01-25 23:30:00,-2.2222222222222223,20.652808997525426,OFF,0.0,0.0,101.0
2026-01-25 23:45:00,28,25.14,89,2026-01-25 23:45:00,-2.2222222222222223,20.541246263377317,HEAT,12000.0,1.0,102.0
2026-01-26 00:00:00,28,25.14,89,2026-01-26 00:00:00,-2.2222222222222223,20.79052024973532,OFF,0.0,0.0,102.0
2026-01-26 00:16:00,28,25.14,89,2026-01-26 00:16:00,-2.2222222222222223,20.677924681195638,OFF,0.0,0.0,102.0
2026-01-26 00:30:00,28,25.14,89,2026-01-26 00:30:00,-2.2222222222222223,20.566173579420003,OFF,0.0,0.0,102.0
2026-01-26 00:45:00,28,25.14,89,2026-01-26 00:45:00,-2.2222222222222223,20.455260610907686,HEAT,12000.0,1.0,103.0
2026-01-26 01:00:00,28,25.14,89,2026-01-26 01:00:00,-2.2222222222222223,20.705179489659212,OFF,0.0,0.0,103.0
2026-01-26 01:16:00,27,24.15,89,2026-01-26 01:16:00,-2.7777777777777777,20.593223976820102,OFF,0.0,0.0,103.0
2026-01-26 01:30:00,27,24.15,89,2026-01-26 01:30:00,-2.7777777777777777,20.477941463660617,HEAT,12000.0,1.0,104.0
2026-01-26 01:45:00,27,24.15,89,2026-01-26 01:45:00,-2.7777777777777777,20.72352356934983,OFF,0.0,0.0,104.0
2026-01-26 02:00:00,27,24.15,89,2026-01-26 02:00:00,-2.7777777777777777,20.607263809246373,OFF,0.0,0.0,104.0
2026-01-26 02:15:00,27,24.15,89,2026-01-26 02:15:00,-2.7777777777777777,20.49187599734369,HEAT,12000.0,1.0,105.0
2026-01-26 02:30:00,27,24.15,89,2026-01-26 02:30:00,-2.7777777777777777,20.737353594030278,OFF,0.0,0.0,105.0
2026-01-26 02:45:00,27,24.15,89,2026-01-26 02:45:00,-2.7777777777777777,20.62099010874172,OFF,0.0,0.0,105.0
2026-01-26 03:03:00,28,25.14,89,2026-01-26 03:03:00,-2.2222222222222223,20.50549934959282,HEAT,12000.0,1.0,106.0
2026-01-26 03:15:00,27,24.15,89,2026-01-26 03:15:00,-2.7777777777777777,20.75504143780421,OFF,0.0,0.0,106.0
2026-01-26 03:30:00,27,24.15,89,2026-01-26 03:30:00,-2.7777777777777777,20.638545293687343,OFF,0.0,0.0,106.0
2026-01-26 03:45:00,28,25.14,89,2026-01-26 03:45:00,-2.2222222222222223,20.522922870651357,HEAT,12000.0,1.0,107.0
2026-01-26 04:00:00,28,25.14,89,2026-01-26 04:00:00,-2.2222222222222223,20.772334282454803,OFF,0.0,0.0,107.0
2026-01-26 04:16:00,28,25.14,89,2026-01-26 04:16:00,-2.2222222222222223,20.659875108669727,OFF,0.0,0.0,107.0
2026-01-26 04:30:00,28,25.14,89,2026-01-26 04:30:00,-2.2222222222222223,20.548259378688037,HEAT,12000.0,1.0,108.0
2026-01-26 04:45:00,28,25.14,89,2026-01-26 04:45:00,-2.2222222222222223,20.79748076668121,OFF,0.0,0.0,108.0
2026-01-26 05:00:00,28,25.14,89,2026-01-26 05:00:00,-2.2222222222222223,20.684832994264436,OFF,0.0,0.0,108.0
2026-01-26 05:15:00,28,25.14,89,2026-01-26 05:15:00,-2.2222222222222223,20.573030080140786,OFF,0.0,0.0,108.0
2026-01-26 05:30:00,28,25.14,89,2026-01-26 05:30:00,-2.2222222222222223,20.462065687873064,HEAT,12000.0,1.0,109.0
2026-01-26 05:45:00,28,25.14,89,2026-01-26 05:45:00,-2.2222222222222223,20.71193352854735,OFF,0.0,0.0,109.0
2026-01-26 06:01:00,28,25.14,89,2026-01-26 06:01:00,-2.2222222222222223,20.599927360416576,OFF,0.0,0.0,109.0
2026-01-26 06:16:00,28,25.14,89,2026-01-26 06:16:00,-2.2222222222222223,20.488761238546786,HEAT,12000.0,1.0,110.0
2026-01-26 06:30:00,28,25.14,89,2026-01-26 06:30:00,-2.2222222222222223,20.738428862591018,OFF,0.0,0.0,110.0
2026-01-26 06:45:00,29,26.13,89,2026-01-26 06:45:00,-1.6666666666666667,20.62622397945492,OFF,0.0,0.0,110.0
2026-01-26 07:01:00,29,26.13,89,2026-01-26 07:01:00,-1.6666666666666667,20.519027299609007,HEAT,12000.0,1.0,111.0
2026-01-26 07:15:00,29,26.13,89,2026-01-26 07:15:00,-1.6666666666666667,20.77263459486194,OFF,0.0,0.0,111.0
2026-01-26 07:30:00,29,26.13,89,2026-01-26 07:30:00,-1.6666666666666667,20.664339835400476,OFF,0.0,0.0,111.0
2026-01-26 07:45:00,29,26.13,89,2026-01-26 07:45:00,-1.6666666666666667,20.556857286634973,OFF,0.0,0.0,111.0
2026-01-26 08:01:00,29,26.13,89,2026-01-26 08:01:00,-1.6666666666666667,20.45018085698521,HEAT,12000.0,1.0,112.0
2026-01-26 08:15:00,30,27.1,89,2026-01-26 08:15:00,-1.1111111111111112,20.70430450055782,OFF,0.0,0.0,112.0
2026-01-26 08:30:00,30,27.1,89,2026-01-26 08:30:00,-1.1111111111111112,20.600688883470305,OFF,0.0,0.0,112.0
2026-01-26 08:46:00,31,28.09,89,2026-01-26 08:46:00,-0.5555555555555556,20.497850383510944,HEAT,12000.0,1.0,113.0
2026-01-26 09:01:00,31,28.09,89,2026-01-26 09:01:00,-0.5555555555555556,20.759949838967945,OFF,0.0,0.0,113.0
2026-01-26 09:16:00,32,29.08,89,2026-01-26 09:16:00,0.0,20.660083548509018,OFF,0.0,0.0,113.0
2026-01-26 09:30:00,32,29.08,89,2026-01-26 09:30:00,0.0,20.5651329218952,OFF,0.0,0.0,113.0
2026-01-26 09:45:00,33,30.07,89,2026-01-26 09:45:00,0.5555555555555556,20.470894424980983,HEAT,12000.0,1.0,114.0
2026-01-26 10:01:00,34,30.49,87,2026-01-26 10:01:00,1.1111111111111112,20.741529383460293,OFF,0.0,0.0,114.0
2026-01-26 10:15:00,34,30.49,87,2026-01-26 10:15:00,1.1111111111111112,20.654301246417674,OFF,0.0,0.0,114.0
2026-01-26 10:30:00,35,31.19,86,2026-01-26 10:30:00,1.6666666666666667,20.567727320402874,OFF,0.0,0.0,114.0
2026-01-26 10:46:00,36,31.57,84,2026-01-26 10:46:00,2.2222222222222223,20.48596936549985,HEAT,12000.0,1.0,115.0
2026-01-26 11:00:00,37,31.95,82,2026-01-26 11:00:00,2.7777777777777777,20.76899126192527,OFF,0.0,0.0,115.0
2026-01-26 11:15:00,38,32.61,81,2026-01-26 11:15:00,3.3333333333333335,20.694057160794163,OFF,0.0,0.0,115.0
2026-01-26 11:31:00,39,32.97,79,2026-01-26 11:31:00,3.888888888888889,20.623851732088205,OFF,0.0,0.0,115.0
2026-01-26 11:45:00,40,32.63,75,2026-01-26 11:45:00,4.444444444444445,20.55833951076421,OFF,0.0,0.0,115.0
2026-01-26 12:01:00,41,32.92,73,2026-01-26 12:01:00,5.0,20.49748529776681,HEAT,12000.0,1.0,116.0
2026-01-26 12:16:00,42,33.53,72,2026-01-26 12:16:00,5.555555555555555,20.80125415803356,OFF,0.0,0.0,116.0
2026-01-26 12:31:00,43,33.04,68,2026-01-26 12:31:00,6.111111111111111,20.746911418514976,OFF,0.0,0.0,116.0
2026-01-26 12:46:00,45,34.2,66,2026-01-26 12:46:00,7.222222222222222,20.697142916209447,OFF,0.0,0.0,116.0
2026-01-26 13:01:00,44,33.64,67,2026-01-26 13:01:00,6.666666666666667,20.65608101100454,OFF,0.0,0.0,116.0
2026-01-26 13:16:00,44,34.0,68,2026-01-26 13:16:00,6.666666666666667,20.61116040342201,OFF,0.0,0.0,116.0
2026-01-26 13:31:00,45,33.03,63,2026-01-26 13:31:00,7.222222222222222,20.566576700396343,OFF,0.0,0.0,116.0
2026-01-26 13:46:00,45,31.39,59,2026-01-26 13:46:00,7.222222222222222,20.526494041810036,HEAT,12000.0,1.0,117.0
2026-01-26 14:01:00,46,33.98,63,2026-01-26 14:01:00,7.777777777777778,20.846712003163127,OFF,0.0,0.0,117.0
2026-01-26 14:15:00,47,34.93,63,2026-01-26 14:15:00,8.333333333333334,20.808694996472738,OFF,0.0,0.0,117.0
2026-01-26 14:31:00,46,34.38,64,2026-01-26 14:31:00,7.777777777777778,20.775129783999194,OFF,0.0,0.0,117.0
2026-01-26 14:45:00,45,33.42,64,2026-01-26 14:45:00,7.222222222222222,20.737649643952533,OFF,0.0,0.0,117.0
2026-01-26 15:01:00,45,34.59,67,2026-01-26 15:01:00,7.222222222222222,20.696283938289557,OFF,0.0,0.0,117.0
2026-01-26 15:16:00,45,33.82,65,2026-01-26 15:16:00,7.222222222222222,20.65522847541905,OFF,0.0,0.0,117.0
2026-01-26 15:30:00,46,33.17,61,2026-01-26 15:30:00,7.777777777777778,20.614480928520074,OFF,0.0,0.0,117.0
2026-01-26 15:45:00,46,30.58,55,2026-01-26 15:45:00,7.777777777777778,20.578205654889505,OFF,0.0,0.0,117.0
2026-01-26 16:00:00,48,34.21,59,2026-01-26 16:00:00,8.88888888888889,20.542202445811167,HEAT,12000.0,1.0,118.0
2026-01-26 16:15:00,48,34.21,59,2026-01-26 16:15:00,8.88888888888889,20.874802594134252,OFF,0.0,0.0,118.0
2026-01-26 16:31:00,47,34.93,63,2026-01-26 16:31:00,8.333333333333334,20.84490824134491,OFF,0.0,0.0,118.0
2026-01-26 16:45:00,45,35.69,70,2026-01-26 16:45:00,7.222222222222222,20.811071429534824,OFF,0.0,0.0,118.0
2026-01-26 17:00:00,43,34.84,73,2026-01-26 17:00:00,6.111111111111111,20.769155060479978,OFF,0.0,0.0,118.0
2026-01-26 17:16:00,42,33.87,73,2026-01-26 17:16:00,5.555555555555555,20.719219730859713,OFF,0.0,0.0,118.0
2026-01-26 17:30:00,42,32.45,69,2026-01-26 17:30:00,5.555555555555555,20.665492249544933,OFF,0.0,0.0,118.0
2026-01-26 17:45:00,41,32.92,73,2026-01-26 17:45:00,5.0,20.61216772434001,OFF,0.0,0.0,118.0
2026-01-26 18:00:00,41,33.6,75,2026-01-26 18:00:00,5.0,20.55507646640746,HEAT,12000.0,1.0,119.0
2026-01-26 18:15:00,40,32.95,76,2026-01-26 18:15:00,4.444444444444445,20.858413392909405,OFF,0.0,0.0,119.0
2026-01-26 18:30:00,39,32.65,78,2026-01-26 18:30:00,3.888888888888889,20.79530862579592,OFF,0.0,0.0,119.0
2026-01-26 18:45:00,38,31.98,79,2026-01-26 18:45:00,3.3333333333333335,20.728510477769117,OFF,0.0,0.0,119.0
2026-01-26 19:00:00,37,31.33,80,2026-01-26 19:00:00,2.7777777777777777,20.65804664918585,OFF,0.0,0.0,119.0
2026-01-26 19:15:00,37,31.64,81,2026-01-26 19:15:00,2.7777777777777777,20.583944632650287,OFF,0.0,0.0,119.0
2026-01-26 19:30:00,37,31.95,82,2026-01-26 19:30:00,2.7777777777777777,20.510398381238744,HEAT,12000.0,1.0,120.0
2026-01-26 19:45:00,37,31.95,82,2026-01-26 19:45:00,2.7777777777777777,20.797403726712787,OFF,0.0,0.0,120.0
2026-01-26 20:00:00,36,31.28,83,2026-01-26 20:00:00,2.2222222222222223,20.722256532095773,OFF,0.0,0.0,120.0
2026-01-26 20:15:00,36,31.57,84,2026-01-26 20:15:00,2.2222222222222223,20.64350627477172,OFF,0.0,0.0,120.0
2026-01-26 20:31:00,36,31.28,83,2026-01-26 20:31:00,2.2222222222222223,20.5653466443776,OFF,0.0,0.0,120.0
2026-01-26 20:45:00,35,30.6,84,2026-01-26 20:45:00,1.6666666666666667,20.487773211211433,HEAT,12000.0,1.0,121.0
2026-01-26 21:00:00,35,30.88,85,2026-01-26 21:00:00,1.6666666666666667,20.76661491212735,OFF,0.0,0.0,121.0
2026-01-26 21:15:00,35,30.88,85,2026-01-26 21:15:00,1.6666666666666667,20.683365300286393,OFF,0.0,0.0,121.0
2026-01-26 21:30:00,35,31.19,86,2026-01-26 21:30:00,1.6666666666666667,20.600740060534246,OFF,0.0,0.0,121.0
2026-01-26 21:45:00,35,30.88,85,2026-01-26 21:45:00,1.6666666666666667,20.51873451008024,HEAT,12000.0,1.0,122.0
2026-01-26 22:00:00,35,30.88,85,2026-01-26 22:00:00,1.6666666666666667,20.797344001254636,OFF,0.0,0.0,122.0
2026-01-26 22:16:00,34,30.2,86,2026-01-26 22:16:00,1.1111111111111112,20.713863921245228,OFF,0.0,0.0,122.0
2026-01-26 22:31:00,34,30.2,86,2026-01-26 22:31:00,1.1111111111111112,20.62684327516922,OFF,0.0,0.0,122.0
2026-01-26 22:45:00,34,30.49,87,2026-01-26 22:45:00,1.1111111111111112,20.540475283938786,HEAT,12000.0,1.0,123.0
2026-01-26 23:01:00,34,30.49,87,2026-01-26 23:01:00,1.1111111111111112,20.814755052642578,OFF,0.0,0.0,123.0
2026-01-26 23:16:00,34,30.49,87,2026-01-26 23:16:00,1.1111111111111112,20.72697772308109,OFF,0.0,0.0,123.0
2026-01-26 23:30:00,34,30.49,87,2026-01-26 23:30:00,1.1111111111111112,20.639858723491315,OFF,0.0,0.0,123.0
2026-01-26 23:45:00,34,30.49,87,2026-01-26 23:45:00,1.1111111111111112,20.553393116398464,HEAT,12000.0,1.0,124.0
2026-01-27 00:00:00,34,30.78,88,2026-01-27 00:00:00,1.1111111111111112,20.82757600135881,OFF,0.0,0.0,124.0
2026-01-27 00:16:00,33,29.79,88,2026-01-27 00:16:00,0.5555555555555556,20.73970251468195,OFF,0.0,0.0,124.0
2026-01-27 00:31:00,33,29.79,88,2026-01-27 00:31:00,0.5555555555555556,20.648321412488503,OFF,0.0,0.0,124.0
2026-01-27 00:45:00,33,29.79,88,2026-01-27 00:45:00,0.5555555555555556,20.557625668561506,OFF,0.0,0.0,124.0
2026-01-27 01:00:00,33,29.79,88,2026-01-27 01:00:00,0.5555555555555556,20.467610142713962,HEAT,12000.0,1.0,125.0
2026-01-27 01:16:00,33,29.79,88,2026-01-27 01:16:00,0.5555555555555556,20.738269733310275,OFF,0.0,0.0,125.0
2026-01-27 01:30:00,33,29.79,88,2026-01-27 01:30:00,0.5555555555555556,20.646899376977114,OFF,0.0,0.0,125.0
2026-01-27 01:45:00,33,30.07,89,2026-01-27 01:45:00,0.5555555555555556,20.55621429831645,OFF,0.0,0.0,125.0
2026-01-27 02:00:00,33,30.07,89,2026-01-27 02:00:00,0.5555555555555556,20.466209357745743,HEAT,12000.0,1.0,126.0
2026-01-27 02:15:00,33,30.07,89,2026-01-27 02:15:00,0.5555555555555556,20.736879454229317,OFF,0.0,0.0,126.0
2026-01-27 02:30:00,32,29.08,89,2026-01-27 02:30:00,0.0,20.645519524989265,OFF,0.0,0.0,126.0
2026-01-27 02:45:00,32,29.08,89,2026-01-27 02:45:00,0.0,20.550678128551844,HEAT,12000.0,1.0,127.0
2026-01-27 03:01:00,32,29.08,89,2026-01-27 03:01:00,0.0,20.816548042587705,OFF,0.0,0.0,127.0
2026-01-27 03:16:00,32,29.08,89,2026-01-27 03:16:00,0.0,20.720423932268297,OFF,0.0,0.0,127.0
2026-01-27 03:31:00,32,29.08,89,2026-01-27 03:31:00,0.0,20.625020752776283,OFF,0.0,0.0,127.0
2026-01-27 03:46:00,32,29.08,89,2026-01-27 03:46:00,0.0,20.530333097130463,HEAT,12000.0,1.0,128.0
2026-01-27 04:00:00,32,29.08,89,2026-01-27 04:00:00,0.0,20.796355598901982,OFF,0.0,0.0,128.0
2026-01-27 04:16:00,32,29.08,89,2026-01-27 04:16:00,0.0,20.700382931910216,OFF,0.0,0.0,128.0
2026-01-27 04:31:00,32,29.08,89,2026-01-27 04:31:00,0.0,20.60513005992089,OFF,0.0,0.0,128.0
2026-01-27 04:46:00,32,29.08,89,2026-01-27 04:46:00,0.0,20.51059158447148,HEAT,12000.0,1.0,129.0
2026-01-27 05:00:00,32,29.08,89,2026-01-27 05:00:00,0.0,20.776762147587945,OFF,0.0,0.0,129.0
2026-01-27 05:16:00,32,29.08,89,2026-01-27 05:16:00,0.0,20.680936431481037,OFF,0.0,0.0,129.0
2026-01-27 05:30:00,32,29.08,89,2026-01-27 05:30:00,0.0,20.58582940824493,OFF,0.0,0.0,129.0
2026-01-27 05:45:00,32,29.08,89,2026-01-27 05:45:00,0.0,20.491435687683094,HEAT,12000.0,1.0,130.0
2026-01-27 06:00:00,33,29.79,88,2026-01-27 06:00:00,0.5555555555555556,20.75774992002547,OFF,0.0,0.0,130.0
2026-01-27 06:15:00,33,30.07,89,2026-01-27 06:15:00,0.5555555555555556,20.66623346229195,OFF,0.0,0.0,130.0
2026-01-27 06:30:00,33,30.07,89,2026-01-27 06:30:00,0.5555555555555556,20.575403377991424,OFF,0.0,0.0,130.0
2026-01-27 06:46:00,33,30.07,89,2026-01-27 06:46:00,0.5555555555555556,20.485254519323156,HEAT,12000.0,1.0,131.0
2026-01-27 07:01:00,33,30.07,89,2026-01-27 07:01:00,0.5555555555555556,20.7557817770949,OFF,0.0,0.0,131.0
2026-01-27 07:15:00,32,29.08,89,2026-01-27 07:15:00,0.0,20.664280080433354,OFF,0.0,0.0,131.0
2026-01-27 07:30:00,32,29.08,89,2026-01-27 07:30:00,0.0,20.569297979830104,OFF,0.0,0.0,131.0
2026-01-27 07:45:00,32,29.08,89,2026-01-27 07:45:00,0.0,20.475028244981377,HEAT,12000.0,1.0,132.0
2026-01-27 08:00:00,32,28.8,88,2026-01-27 08:00:00,0.0,20.741465533144016,OFF,0.0,0.0,132.0
2026-01-27 08:15:00,33,29.79,88,2026-01-27 08:15:00,0.5555555555555556,20.645904541645436,OFF,0.0,0.0,132.0
2026-01-27 08:30:00,33,29.79,88,2026-01-27 08:30:00,0.5555555555555556,20.555226924249762,HEAT,12000.0,1.0,133.0
2026-01-27 08:45:00,34,30.49,87,2026-01-27 08:45:00,1.1111111111111112,20.825229388984557,OFF,0.0,0.0,133.0
2026-01-27 09:01:00,34,30.49,87,2026-01-27 09:01:00,1.1111111111111112,20.737373501900507,OFF,0.0,0.0,133.0
2026-01-27 09:15:00,35,31.77,88,2026-01-27 09:15:00,1.6666666666666667,20.650176533969585,OFF,0.0,0.0,133.0
2026-01-27 09:30:00,36,33.03,89,2026-01-27 09:30:00,2.2222222222222223,20.567800209964812,OFF,0.0,0.0,133.0
2026-01-27 09:45:00,38,34.43,87,2026-01-27 09:45:00,3.3333333333333335,20.490208375056742,HEAT,12000.0,1.0,134.0
2026-01-27 10:00:00,40,36.1,86,2026-01-27 10:00:00,4.444444444444445,20.781531812243816,OFF,0.0,0.0,134.0
2026-01-27 10:15:00,41,36.18,83,2026-01-27 10:15:00,5.0,20.719003656985322,OFF,0.0,0.0,134.0
2026-01-27 10:31:00,42,36.21,80,2026-01-27 10:31:00,5.555555555555555,20.66111112955793,OFF,0.0,0.0,134.0
2026-01-27 10:45:00,43,36.54,78,2026-01-27 10:45:00,6.111111111111111,20.607819462752914,OFF,0.0,0.0,134.0
2026-01-27 11:00:00,44,36.5,75,2026-01-27 11:00:00,6.666666666666667,20.5590941501156,OFF,0.0,0.0,134.0
2026-01-27 11:15:00,45,37.81,76,2026-01-27 11:15:00,7.222222222222222,20.514900943989733,HEAT,12000.0,1.0,135.0
2026-01-27 11:31:00,46,38.43,75,2026-01-27 11:31:00,7.777777777777778,20.835205853576475,OFF,0.0,0.0,135.0
2026-01-27 11:45:00,46,38.77,76,2026-01-27 11:45:00,7.777777777777778,20.797275143007987,OFF,0.0,0.0,135.0
2026-01-27 12:00:00,47,39.06,74,2026-01-27 12:00:00,8.333333333333334,20.75962891276876,OFF,0.0,0.0,135.0
2026-01-27 12:15:00,48,39.31,72,2026-01-27 12:15:00,8.88888888888889,20.726431695922997,OFF,0.0,0.0,135.0
2026-01-27 12:30:00,49,39.54,70,2026-01-27 12:30:00,9.444444444444445,20.69765012487024,OFF,0.0,0.0,135.0
2026-01-27 12:46:00,50,39.36,67,2026-01-27 12:46:00,10.0,20.673251082267047,OFF,0.0,0.0,135.0
2026-01-27 13:00:00,51,39.94,66,2026-01-27 13:00:00,10.555555555555555,20.653201699150046,OFF,0.0,0.0,135.0
2026-01-27 13:15:00,52,39.67,63,2026-01-27 13:15:00,11.11111111111111,20.637469353073087,OFF,0.0,0.0,135.0
2026-01-27 13:30:00,52,40.08,64,2026-01-27 13:30:00,11.11111111111111,20.62602166625837,OFF,0.0,0.0,135.0
2026-01-27 13:45:00,53,41.04,64,2026-01-27 13:45:00,11.666666666666666,20.614659837094766,OFF,0.0,0.0,135.0
2026-01-27 14:00:00,52,40.08,64,2026-01-27 14:00:00,11.11111111111111,20.607549888316555,OFF,0.0,0.0,135.0
2026-01-27 14:16:00,52,40.08,64,2026-01-27 14:16:00,11.11111111111111,20.596326597487515,OFF,0.0,0.0,135.0
2026-01-27 14:30:00,51,39.94,66,2026-01-27 14:30:00,10.555555555555555,20.58518748133969,OFF,0.0,0.0,135.0
2026-01-27 14:45:00,51,40.32,67,2026-01-27 14:45:00,10.555555555555555,20.56996524189631,OFF,0.0,0.0,135.0
2026-01-27 15:00:00,51,40.32,67,2026-01-27 15:00:00,10.555555555555555,20.554857169248752,HEAT,12000.0,1.0,136.0
2026-01-27 15:15:00,50,40.5,70,2026-01-27 15:15:00,10.0,20.899862407146053,OFF,0.0,0.0,136.0
2026-01-27 15:31:00,50,40.14,69,2026-01-27 15:31:00,10.0,20.878113439092456,OFF,0.0,0.0,136.0
2026-01-27 15:45:00,50,40.5,70,2026-01-27 15:45:00,10.0,20.85652758829926,OFF,0.0,0.0,136.0
2026-01-27 16:00:00,50,40.87,71,2026-01-27 16:00:00,10.0,20.835103631387017,OFF,0.0,0.0,136.0
2026-01-27 16:15:00,49,40.64,73,2026-01-27 16:15:00,9.444444444444445,20.813840354151615,OFF,0.0,0.0,136.0
2026-01-27 16:30:00,48,40.03,74,2026-01-27 16:30:00,8.88888888888889,20.78856988482881,OFF,0.0,0.0,136.0
2026-01-27 16:45:00,47,40.08,77,2026-01-27 16:45:00,8.333333333333334,20.75932227735926,OFF,0.0,0.0,136.0
2026-01-27 17:00:00,46,39.78,79,2026-01-27 17:00:00,7.777777777777778,20.726127360279065,OFF,0.0,0.0,136.0
2026-01-27 17:15:00,46,40.1,80,2026-01-27 17:15:00,7.777777777777778,20.689014738410304,OFF,0.0,0.0,136.0
2026-01-27 17:30:00,46,40.1,80,2026-01-27 17:30:00,7.777777777777778,20.65218046120556,OFF,0.0,0.0,136.0
2026-01-27 17:45:00,45,39.78,82,2026-01-27 17:45:00,7.222222222222222,20.615622441079854,OFF,0.0,0.0,136.0
2026-01-27 18:01:00,45,39.45,81,2026-01-27 18:01:00,7.222222222222222,20.575171939438423,OFF,0.0,0.0,136.0
2026-01-27 18:15:00,45,39.45,81,2026-01-27 18:15:00,7.222222222222222,20.5350248165593,HEAT,12000.0,1.0,137.0
2026-01-27 18:30:00,44,38.8,82,2026-01-27 18:30:00,6.666666666666667,20.85517879710177,OFF,0.0,0.0,137.0
2026-01-27 18:46:00,44,39.11,83,2026-01-27 18:46:00,6.666666666666667,20.808764956123508,OFF,0.0,0.0,137.0
2026-01-27 19:00:00,44,38.8,82,2026-01-27 19:00:00,6.666666666666667,20.76269921895258,OFF,0.0,0.0,137.0
2026-01-27 19:15:00,44,38.16,80,2026-01-27 19:15:00,6.666666666666667,20.716978974810434,OFF,0.0,0.0,137.0
2026-01-27 19:30:00,45,38.8,79,2026-01-27 19:30:00,7.222222222222222,20.671601632499357,OFF,0.0,0.0,137.0
2026-01-27 19:45:00,47,35.33,64,2026-01-27 19:45:00,8.333333333333334,20.630731286922277,OFF,0.0,0.0,137.0
2026-01-27 20:00:00,47,36.88,68,2026-01-27 20:00:00,8.333333333333334,20.598500802270358,OFF,0.0,0.0,137.0
2026-01-27 20:15:00,48,37.83,68,2026-01-27 20:15:00,8.88888888888889,20.56651204625333,OFF,0.0,0.0,137.0
2026-01-27 20:30:00,47,36.5,67,2026-01-27 20:30:00,8.333333333333334,20.538929872573096,HEAT,12000.0,1.0,138.0
2026-01-27 20:45:00,47,35.73,65,2026-01-27 20:45:00,8.333333333333334,20.867387898528797,OFF,0.0,0.0,138.0
2026-01-27 21:00:00,47,37.62,70,2026-01-27 21:00:00,8.333333333333334,20.833382489289832,OFF,0.0,0.0,138.0
2026-01-27 21:15:00,45,39.78,82,2026-01-27 21:15:00,7.222222222222222,20.79963212062016,OFF,0.0,0.0,138.0
2026-01-27 21:30:00,44,40.03,86,2026-01-27 21:30:00,6.666666666666667,20.757801546382176,OFF,0.0,0.0,138.0
2026-01-27 21:45:00,44,40.33,87,2026-01-27 21:45:00,6.666666666666667,20.71211803478431,OFF,0.0,0.0,138.0
2026-01-27 22:01:00,43,39.65,88,2026-01-27 22:01:00,6.111111111111111,20.66677714952343,OFF,0.0,0.0,138.0
2026-01-27 22:15:00,43,39.65,88,2026-01-27 22:15:00,6.111111111111111,20.617609654235338,OFF,0.0,0.0,138.0
2026-01-27 22:31:00,43,39.65,88,2026-01-27 22:31:00,6.111111111111111,20.568810915161905,OFF,0.0,0.0,138.0
2026-01-27 22:45:00,43,39.34,87,2026-01-27 22:45:00,6.111111111111111,20.520378166631524,HEAT,12000.0,1.0,139.0
2026-01-27 23:00:00,42,38.37,87,2026-01-27 23:00:00,5.555555555555555,20.83230866371512,OFF,0.0,0.0,139.0
2026-01-27 23:15:00,42,38.37,87,2026-01-27 23:15:00,5.555555555555555,20.777733015403925,OFF,0.0,0.0,139.0
2026-01-27 23:30:00,42,38.37,87,2026-01-27 23:30:00,5.555555555555555,20.72356668445506,OFF,0.0,0.0,139.0
2026-01-27 23:46:00,42,38.37,87,2026-01-27 23:46:00,5.555555555555555,20.669806600988316,OFF,0.0,0.0,139.0
2026-01-28 00:00:00,42,38.07,86,2026-01-28 00:00:00,5.555555555555555,20.61644971814757,OFF,0.0,0.0,139.0
2026-01-28 00:15:00,42,38.07,86,2026-01-28 00:15:00,5.555555555555555,20.56349301192813,OFF,0.0,0.0,139.0
2026-01-28 00:30:00,42,37.76,85,2026-01-28 00:30:00,5.555555555555555,20.510933481005335,HEAT,12000.0,1.0,140.0
2026-01-28 00:45:00,42,37.76,85,2026-01-28 00:45:00,5.555555555555555,20.818768146564462,OFF,0.0,0.0,140.0
2026-01-28 01:00:00,42,37.76,85,2026-01-28 01:00:00,5.555555555555555,20.764294052131895,OFF,0.0,0.0,140.0
2026-01-28 01:15:00,42,37.76,85,2026-01-28 01:15:00,5.555555555555555,20.71022851340757,OFF,0.0,0.0,140.0
2026-01-28 01:30:00,42,37.76,85,2026-01-28 01:30:00,5.555555555555555,20.656568466223682,OFF,0.0,0.0,140.0
2026-01-28 01:45:00,42,37.76,85,2026-01-28 01:45:00,5.555555555555555,20.60331086939367,OFF,0.0,0.0,140.0
2026-01-28 02:00:00,42,38.07,86,2026-01-28 02:00:00,5.555555555555555,20.550452704539886,HEAT,12000.0,1.0,141.0
2026-01-28 02:15:00,42,37.76,85,2026-01-28 02:15:00,5.555555555555555,20.857990975922505,OFF,0.0,0.0,141.0
2026-01-28 02:30:00,42,37.76,85,2026-01-28 02:30:00,5.555555555555555,20.803222710269754,OFF,0.0,0.0,141.0
2026-01-28 02:45:00,43,39.65,88,2026-01-28 02:45:00,6.111111111111111,20.7488652066094,OFF,0.0,0.0,141.0
2026-01-28 03:01:00,44,40.64,88,2026-01-28 03:01:00,6.666666666666667,20.69908205089316,OFF,0.0,0.0,141.0
2026-01-28 03:15:00,45,41.32,87,2026-01-28 03:15:00,7.222222222222222,20.653838935511462,OFF,0.0,0.0,141.0
2026-01-28 03:30:00,44,40.64,88,2026-01-28 03:30:00,6.666666666666667,20.613101810161794,OFF,0.0,0.0,141.0
2026-01-28 03:45:00,44,40.64,88,2026-01-28 03:45:00,6.666666666666667,20.568503546585582,OFF,0.0,0.0,141.0
2026-01-28 04:00:00,44,40.64,88,2026-01-28 04:00:00,6.666666666666667,20.52423976998619,HEAT,12000.0,1.0,142.0
2026-01-28 04:16:00,44,40.64,88,2026-01-28 04:16:00,6.666666666666667,20.84030797171129,OFF,0.0,0.0,142.0
2026-01-28 04:30:00,44,40.64,88,2026-01-28 04:30:00,6.666666666666667,20.794005661923457,OFF,0.0,0.0,142.0
2026-01-28 04:45:00,45,41.32,87,2026-01-28 04:45:00,7.222222222222222,20.748050619459033,OFF,0.0,0.0,142.0
2026-01-28 05:20:00,46,42.01,86,2026-01-28 05:20:00,7.777777777777778,20.706606906479756,OFF,0.0,0.0,142.0
2026-01-28 05:30:00,46,42.01,86,2026-01-28 05:30:00,7.777777777777778,20.669640688014493,OFF,0.0,0.0,142.0
2026-01-28 05:45:00,46,42.01,86,2026-01-28 05:45:00,7.777777777777778,20.632951716187716,OFF,0.0,0.0,142.0
2026-01-28 06:00:00,46,42.01,86,2026-01-28 06:00:00,7.777777777777778,20.59653791164964,OFF,0.0,0.0,142.0
2026-01-28 06:15:00,47,42.67,85,2026-01-28 06:15:00,8.333333333333334,20.5603972106456,OFF,0.0,0.0,142.0
2026-01-28 06:31:00,47,42.67,85,2026-01-28 06:31:00,8.333333333333334,20.52869423156576,HEAT,12000.0,1.0,143.0
2026-01-28 06:45:00,46,42.3,87,2026-01-28 06:45:00,7.777777777777778,20.857229024829014,OFF,0.0,0.0,143.0
2026-01-28 07:00:00,46,42.6,88,2026-01-28 07:00:00,7.777777777777778,20.81913314047613,OFF,0.0,0.0,143.0
2026-01-28 07:15:00,46,42.6,88,2026-01-28 07:15:00,7.777777777777778,20.781322975255893,OFF,0.0,0.0,143.0
2026-01-28 07:30:00,45,41.61,88,2026-01-28 07:30:00,7.222222222222222,20.743796386274806,OFF,0.0,0.0,143.0
2026-01-28 07:45:00,46,42.3,87,2026-01-28 07:45:00,7.777777777777778,20.702384580044413,OFF,0.0,0.0,143.0
2026-01-28 08:00:00,46,42.01,86,2026-01-28 08:00:00,7.777777777777778,20.66545002902741,OFF,0.0,0.0,143.0
2026-01-28 08:16:00,46,42.01,86,2026-01-28 08:16:00,7.777777777777778,20.628792487143038,OFF,0.0,0.0,143.0
2026-01-28 08:30:00,46,42.01,86,2026-01-28 08:30:00,7.777777777777778,20.5924098768228,OFF,0.0,0.0,143.0
2026-01-28 08:45:00,46,42.01,86,2026-01-28 08:45:00,7.777777777777778,20.55630013607996,OFF,0.0,0.0,143.0
2026-01-28 09:00:00,47,42.98,86,2026-01-28 09:00:00,8.333333333333334,20.520461218392697,HEAT,12000.0,1.0,144.0
2026-01-28 09:15:00,47,43.29,87,2026-01-28 09:15:00,8.333333333333334,20.84905775925475,OFF,0.0,0.0,144.0
2026-01-28 09:30:00,47,43.29,87,2026-01-28 09:30:00,8.333333333333334,20.81518982606034,OFF,0.0,0.0,144.0
2026-01-28 09:46:00,47,42.37,84,2026-01-28 09:46:00,8.333333333333334,20.78157590236489,OFF,0.0,0.0,144.0
2026-01-28 10:00:00,48,43.03,83,2026-01-28 10:00:00,8.88888888888889,20.748214083097153,OFF,0.0,0.0,144.0
2026-01-28 10:16:00,48,43.66,85,2026-01-28 10:16:00,8.88888888888889,20.71926914414059,OFF,0.0,0.0,144.0
2026-01-28 10:30:00,48,43.97,86,2026-01-28 10:30:00,8.88888888888889,20.690541292226204,OFF,0.0,0.0,144.0
2026-01-28 10:46:00,48,43.66,85,2026-01-28 10:46:00,8.88888888888889,20.662028899201175,OFF,0.0,0.0,144.0
2026-01-28 11:01:00,49,43.68,82,2026-01-28 11:01:00,9.444444444444445,20.633730349123834,OFF,0.0,0.0,144.0
2026-01-28 11:16:00,49,43.36,81,2026-01-28 11:16:00,9.444444444444445,20.60981070483874,OFF,0.0,0.0,144.0
2026-01-28 11:30:00,50,44.01,80,2026-01-28 11:30:00,10.0,20.586070457885782,OFF,0.0,0.0,144.0
2026-01-28 11:45:00,50,44.01,80,2026-01-28 11:45:00,10.0,20.56667492945164,OFF,0.0,0.0,144.0
2026-01-28 12:00:00,50,44.01,80,2026-01-28 12:00:00,10.0,20.547424867480753,HEAT,12000.0,1.0,145.0
2026-01-28 12:15:00,50,44.33,81,2026-01-28 12:15:00,10.0,20.888319180974648,OFF,0.0,0.0,145.0
2026-01-28 12:30:00,50,44.67,82,2026-01-28 12:30:00,10.0,20.86665678711734,OFF,0.0,0.0,145.0
2026-01-28 12:46:00,51,45.97,83,2026-01-28 12:46:00,10.555555555555555,20.845156861213958,OFF,0.0,0.0,145.0
2026-01-28 13:01:00,51,45.64,82,2026-01-28 13:01:00,10.555555555555555,20.82798485142152,OFF,0.0,0.0,145.0
2026-01-28 13:16:00,51,46.29,84,2026-01-28 13:16:00,10.555555555555555,20.810941631702523,OFF,0.0,0.0,145.0
2026-01-28 13:30:00,51,46.6,85,2026-01-28 13:30:00,10.555555555555555,20.79402623613142,OFF,0.0,0.0,145.0
2026-01-28 13:45:00,51,46.92,86,2026-01-28 13:45:00,10.555555555555555,20.7772377060271,OFF,0.0,0.0,145.0
2026-01-28 14:00:00,51,46.6,85,2026-01-28 14:00:00,10.555555555555555,20.760575089898566,OFF,0.0,0.0,145.0
2026-01-28 14:15:00,51,46.6,85,2026-01-28 14:15:00,10.555555555555555,20.744037443390994,OFF,0.0,0.0,145.0
2026-01-28 14:30:00,51,46.6,85,2026-01-28 14:30:00,10.555555555555555,20.72762382923223,OFF,0.0,0.0,145.0
2026-01-28 14:45:00,51,46.29,84,2026-01-28 14:45:00,10.555555555555555,20.711333317179655,OFF,0.0,0.0,145.0
2026-01-28 15:00:00,51,45.97,83,2026-01-28 15:00:00,10.555555555555555,20.695164983967473,OFF,0.0,0.0,145.0
2026-01-28 15:15:00,51,45.64,82,2026-01-28 15:15:00,10.555555555555555,20.679117913254384,OFF,0.0,0.0,145.0
2026-01-28 15:30:00,51,46.29,84,2026-01-28 15:30:00,10.555555555555555,20.663191195571642,OFF,0.0,0.0,145.0
2026-01-28 15:45:00,51,46.6,85,2026-01-28 15:45:00,10.555555555555555,20.64738392827152,OFF,0.0,0.0,145.0
2026-01-28 16:00:00,51,46.6,85,2026-01-28 16:00:00,10.555555555555555,20.63169521547615,OFF,0.0,0.0,145.0
